k,enc,ot,hard,dec,pix,ot_midpoint,ot_interp,ot_path11,hard_midpoint,pix_midpoint,pix_path11
6,0.0931096780000189,0.030398743000205286,1.1178739820002193,0.0817916839996542,0.0007808249997651728,0.20530010499987839,0.11219042699985948,1.0232169449964204,1.2927753439998924,0.17568218699943827,0.9935990269959802
9,0.09418833900008394,0.03041448100020716,0.4963024899998345,0.0799378270003217,0.0007673579998481728,0.2045406470006128,0.11035230800052886,1.0039189170038298,0.6704286560002402,0.17489352400025382,0.9742717940034709
17,0.09350865700025679,0.030431703999965976,0.2715522060002513,0.08183773500013558,0.0007816309998815996,0.20577809600035835,0.11226943900010156,1.0241554460017142,0.4468985980006437,0.17612802300027397,0.9945053730016298
22,0.0928453750002518,0.030376090000117983,0.6062239499997304,0.08200954199992339,0.0007892369999353832,0.20523100700029318,0.11238563200004137,1.025326426999527,0.7810788669999056,0.17564415400011057,0.9957395739993444
53,0.09258161699972334,0.03038471199988635,0.7704570550004064,0.08182590399974288,0.0007893070001045999,0.20479223299935256,0.11221061599962923,1.0230512729967813,0.9448645759998726,0.17519682799957081,0.9934558679969996
68,0.0934670560000086,0.030416340000101627,0.6702951860002031,0.0820535259999815,0.0007804120000400872,0.20593692200009173,0.11246986600008313,1.0264721819999068,0.8458157680001932,0.1763009940000302,0.9968362539998452
69,0.09355208700026196,0.03040213499980382,0.3697829749999073,0.08156140500022957,0.0007785029997648962,0.20551562700029535,0.11196354000003339,1.021129677002591,0.5448964670003988,0.17589199500025643,0.9915060450025521
91,0.09401835699964067,0.03041919199995391,0.35281035299976793,0.0818191029998161,0.0007747159997961717,0.20625665199941068,0.11223829499977,1.0244476819975716,0.5286478129992247,0.17661217599925294,0.9948032059974139
99,0.09261964699999226,0.030434959000103845,0.7123797319995901,0.08175930300012624,0.000790892999702919,0.20481390900022234,0.11219426200023008,1.0224069390014847,0.8867586819997086,0.1751698429998214,0.9927628730010838
110,0.0929441820003376,0.030357972999809135,0.7839635960003761,0.08204165500001181,0.0008758109997870633,0.20534381000015856,0.11239962799982095,1.0257603600002767,0.9589494330007255,0.17586164800013648,0.9962781980002546
140,0.09461196200027189,0.030411103999995248,0.4864012730004106,0.0815340969998033,0.0008185499996216095,0.20655716300007043,0.11194520099979854,1.0218981329981034,0.6625473320004858,0.1769646089996968,0.9923055789977298
142,0.09785357999999178,0.030427322999912576,0.42901183499998297,0.08156031299995448,0.0008011899999473826,0.20984121599985883,0.11198763599986705,1.0254443459994036,0.6084257279999292,0.18021508299989364,0.9958182129994384
143,0.09669143900009658,0.03043721399990318,0.607589511000242,0.08164625100016565,0.0008562129996789736,0.2087749040001654,0.11208346500006883,1.025237414001822,0.7859272010005043,0.1791939029999412,0.9956564130015977
156,0.09568748800029425,0.03042159400001765,0.4061977629999092,0.08197681100000409,0.0008282480002890225,0.208085893000316,0.11239840500002174,1.027854003000357,0.5838620620002075,0.17849254700058736,0.9982606570006283
168,0.09746224099990286,0.030424253000091994,0.3932576940001127,0.0820044339998276,0.0007765969999127265,0.20989092799982245,0.11242868699991959,1.0299352679980984,0.5727243689998431,0.18024327199964318,1.0002876119979192
174,0.09358263000012812,0.03041324199966766,0.4672333929997876,0.08194825400005357,0.000797658000010415,0.20594412599984935,0.11236149599972123,1.025426666000385,0.6427642769999693,0.1763285420001921,0.9958110820007278
178,0.0928518850000728,0.03038434900008724,0.9207325099996524,0.08140683100009483,0.0007712280003033811,0.20464306500025486,0.11179118000018207,1.0187113750012031,1.09499122599982,0.175029944000471,0.9890982540014193
182,0.0925215689999277,0.030409768000026816,0.406570942000144,0.08149775900028544,0.0008010339997781557,0.20442909600023995,0.11190752700031226,1.0194066860030944,0.5805902700003571,0.1748203619999913,0.9897979520028457
184,0.09357757500038133,0.03044562799959749,0.48500672899990604,0.08186385499993776,0.0007794909997755894,0.20588705799991658,0.11230948299953525,1.0245256079992942,0.6604481590002251,0.17622092100009468,0.9948594709994723
193,0.09357516799991572,0.030422335999901406,0.6867454190000899,0.08192273099984959,0.0007696100001339801,0.20592023499966672,0.112345066999751,1.0251475449981626,0.8622433179998552,0.1762675089998993,0.9954948189983952
200,0.09377447199995004,0.030483972000183712,0.4081639329997415,0.08183944000029442,0.0007753129998491204,0.20609788400042817,0.11232341200047813,1.0244922840033723,0.583777844999986,0.17638922500009357,0.9947836250030377
214,0.09235111199996027,0.03036128599978838,0.6343163749997984,0.0817826430002242,0.000770502000250417,0.20449504099997284,0.11214392900001258,1.0223214710022148,0.8084501299999829,0.17490425700043488,0.9927306870026769
221,0.0931546229999185,0.030388557999685872,0.6776668960001189,0.08204709699975865,0.0008394319997933053,0.20559027799936302,0.11243565499944452,1.0260612479969495,0.852868615999796,0.17604115199947046,0.996512121997057
230,0.09272091699995144,0.030375736000223696,0.5263019500002883,0.08191391299988027,0.0007713069999226718,0.2050105660000554,0.11228964900010396,1.024149695998858,0.70093678000012,0.17540613699975438,0.994545266998557
232,0.0932979939998404,0.030372748000445426,0.30249971600005665,0.08192600599977595,0.0007688750001761946,0.20559674800006178,0.11229875400022138,1.0248568079978213,0.477723715999673,0.17599287499979255,0.9952529349975521
238,0.09271683299994038,0.03036864500018055,0.4335313089995907,0.08136003699974026,0.0008174330000656482,0.2044455149998612,0.11172868199992081,1.0180458849972638,0.6076081789992713,0.1748943029997463,0.9884946729971489
239,0.09396264299994073,0.030430943999817828,0.2875433150002209,0.08194594499991581,0.000825394999992568,0.20633953199967436,0.11237688899973364,1.0257989819988325,0.46345190300007744,0.1767339829998491,0.9961934329990072
299,0.09099558199977764,0.03035727999986193,0.5641547069999433,0.07786725100004332,0.0008287989999189449,0.1992201129996829,0.10822453099990526,0.9778926230001161,0.7330175399997643,0.1696916319997399,0.9483641420001732
308,0.09581214700028795,0.030346421000103874,0.21436880400005975,0.08187906300008763,0.0008014749996618775,0.20803763100047945,0.1122254840001915,1.0268282610013557,0.39206001400043533,0.17849268500003745,0.9972833150009137
315,0.09491292899974724,0.030409559999952762,0.41216625800007023,0.0816158650000034,0.0007921360002001165,0.2069383539997034,0.11202542499995616,1.0230970039997374,0.5886950519998209,0.17732092999995075,0.9934795799999847
319,0.09438627300005464,0.03043405399967014,0.5727424250003423,0.08140302699985114,0.0007771569999022176,0.20622335399957592,0.11183708099952128,1.0202536239980873,0.7485317250002481,0.176566456999808,0.9905967269983194
323,0.09266317599985996,0.030364318000010826,0.29345925999996325,0.08135430600032123,0.0007740420001027815,0.20438180000019202,0.11171862400033206,1.0179248600034043,0.46747674200014444,0.17479152400028397,0.9883345840034963
339,0.09282969800005958,0.030363580000084767,0.19492901900002835,0.08190662400011206,0.0008267749999504304,0.2050999020002564,0.11227020400019683,1.024166142001377,0.3696653410002,0.17556309700012207,0.9946293370012427
362,0.08842487699985213,0.030358593000073597,0.7390753979998408,0.07777204200010601,0.0007770540000819892,0.19655551200003174,0.10813063500017961,0.9742759320010919,0.9052723169997989,0.16697397300004013,0.9446943930011003
426,0.09664853200001744,0.030405990999952337,0.5342075280000245,0.08131360700008372,0.0007768790001136949,0.2083681300000535,0.11171959800003606,1.0215042000008907,0.7121696670001256,0.17873901800021486,0.9918750880010521
428,0.09275317099991298,0.030454209999788873,0.4494253860002573,0.08138103100009175,0.0007922740001049533,0.2045884119997936,0.11183524099988063,1.0183987220007111,0.623559588000262,0.1749264760001097,0.9887367860010272
435,0.09246738699994239,0.030383372999949643,0.29970488700018905,0.08140256399974533,0.0008035119999476592,0.20425332399963736,0.11178593699969497,1.0182789639970906,0.47357483799987676,0.17467346299963538,0.9886991029970886
445,0.09249684399992475,0.03040740400001596,0.534327174000282,0.08135610699991958,0.0007715259998803958,0.20426035499986028,0.11176351099993553,1.017821424999056,0.7081801250001263,0.17462447699972472,0.9881855469989205
451,0.09316062400012015,0.03041279700028099,0.707270786999743,0.08135549300004641,0.0007698050003455137,0.20492891400044755,0.1117682900003274,1.0184838440009116,0.8817869039999096,0.17528592200051207,0.9888408520009762
456,0.09300890199983769,0.030398456000057195,0.31137366500024655,0.08197406499994031,0.0007729690000815026,0.2053814229998352,0.1123725209999975,1.0251220729992383,0.48635663200002455,0.1757559359998595,0.9954965859992626
460,0.09329312899990327,0.030469507000361773,0.2715571150001779,0.08190715599994292,0.0007862880001994199,0.20566979200020796,0.11237666300030469,1.0247413519996371,0.44675740000002406,0.1759865730000456,0.9950581329994748
473,0.09360362300003544,0.03041188100041836,0.6427933620002477,0.08191780700008167,0.0007735680001133005,0.20593331100053547,0.11232968800050003,1.0251113810013521,0.8183147920003648,0.1762949980002304,0.9954730680010471
475,0.09207341199999064,0.03039479900007791,0.6354747799996403,0.08140205200015771,0.0007742060001874052,0.20387026300022626,0.11179685100023562,1.0178907830018034,0.8089502439997887,0.17424967000033575,0.9882701900019129
479,0.09363089699991178,0.030405368999709026,0.40448052200008533,0.08210579800015694,0.0007714100001976476,0.20614206399977775,0.11251116699986596,1.0272000440013471,0.580217217000154,0.17650810500026637,0.9975660850018357
489,0.09263989400005812,0.03038756000023568,0.3507563339999251,0.08185477799997898,0.000778168000124424,0.20488223200027278,0.11224233800021466,1.0234300120000626,0.5252510059999622,0.17527284000016152,0.9938206199999513
499,0.09265115400012292,0.030356603000200266,0.6136147910001455,0.08144259900018369,0.0007769209996695281,0.20445035600050687,0.11179920200038396,1.0188763460023438,0.7877085440004521,0.17487067399997613,0.989296664001813
501,0.09475036000003456,0.030369180999969103,0.6947481189999962,0.08196442400003434,0.000825998999971489,0.207083965000038,0.11233360500000344,1.0267282050003814,0.8714629030000651,0.1775407830000404,0.9971850230003838
502,0.0955415879998327,0.03034249299980729,0.8091757980000693,0.08190472500018586,0.0008243020001827972,0.20778880599982585,0.11224721799999315,1.0268360560016845,0.9866221110000879,0.17827061500020136,0.99731786500206
512,0.0958749850001368,0.030465083999843046,0.6162475430000995,0.09005230599996139,0.0007709239998803241,0.21639237499994124,0.12051738999980444,1.1169154349995551,0.8021748340001977,0.18669821499997852,1.0872212749995924
516,0.09753299600015453,0.0343473080001786,0.6028467390001424,0.08194155299997874,0.0007828739999240497,0.21382185700031187,0.11628886100015734,1.0332373870000993,0.7823212880002757,0.18025742300005732,0.9996729529998447
520,0.08947084700002961,0.0303795730001184,0.7705692280001131,0.07773884600010206,0.0008006220000424946,0.19758926600025006,0.10811841900022046,0.9749777260012706,0.9377789210002447,0.16801031500017416,0.9453987750011947
530,0.09347676000015781,0.030445889000020543,0.6332511699997667,0.08205641899985494,0.0008070190001490118,0.2059790680000333,0.11250230799987548,1.0265432579985827,0.8087843489997795,0.17634019800016176,0.9969043879987112
534,0.09278442499999073,0.0304545799999687,0.2732496720000199,0.08178752899993924,0.0007706119999966177,0.20502653399989867,0.11224210899990794,1.022901823999291,0.4478216259999499,0.1753425659999266,0.993217855999319
536,0.09344304799969905,0.030369756999789388,0.3778776439999092,0.08200791699982801,0.0008097390000330051,0.20582072199931645,0.1123776739996174,1.0258998919975966,0.5533286089994363,0.17626070399956006,0.9963398739978402
549,0.09315551400004551,0.030425437000303646,0.40479021199962517,0.08201648600015687,0.0007703400001446425,0.20559743700050603,0.11244192300046052,1.0257622970020748,0.5799622119998276,0.17594234000034703,0.9961072000019158
565,0.10040517099969293,0.030389662999823486,0.19395454000004975,0.0819618040000023,0.0008416219998252927,0.21275663799951872,0.11235146699982579,1.0323746779995417,0.376321514999745,0.18320859699952052,1.0028266369995436
568,0.0948952769999778,0.030433919000188325,0.5229813299997659,0.08180482900024799,0.0008066939999480383,0.2071340250004141,0.11223874800043632,1.025182315002894,0.6996814359999917,0.17750680000017383,0.9955550900026537
577,0.08857798400003958,0.03043893999983993,0.8834513000001607,0.0820310259996404,0.0007700119999753952,0.20104794999951991,0.11246996599948034,1.021358209995924,1.0540603099998407,0.17137902199965538,0.9916892819960594
591,0.09199586900012946,0.03040809399999489,0.5816469940000388,0.08138898000015615,0.0007768079999550537,0.2037929430002805,0.11179707400015104,1.017682743001842,0.7550318430003244,0.17416165700024067,0.9880514570018022
606,0.09408358700011377,0.030439995000051567,0.4453803170003994,0.0819752279999193,0.0007690299999012495,0.20649881000008463,0.11241522299997087,1.0262510899992776,0.6214391320004324,0.1768278449999343,0.9965801249991273
618,0.10558168499983367,0.03153301600013947,0.23062648399991303,0.08180052999978216,0.0007823429996278719,0.2189152309997553,0.11333354599992163,1.0369205309975769,0.41800869899952886,0.1881645579992437,1.0061698579970653
626,0.10050409799987392,0.030410631999984616,0.47456217599983574,0.0821809970002505,0.000864032000208681,0.21309572700010904,0.11259162900023512,1.034905697002614,0.6572472709999602,0.1835491270003331,1.005359097002838
652,0.09587413899998865,0.030415199999879405,0.8438254579996283,0.08198231799997302,0.0007830530003047897,0.20827165699984107,0.11239751799985243,1.0280948369995713,1.02168191499959,0.17863951000026645,0.9984626899999967
656,0.09493641700009903,0.030411792999984755,0.1915189400001509,0.08193655800005217,0.0007868659999985539,0.20728476800013595,0.11234835100003693,1.0266503480006577,0.3683919150003021,0.17765984100014975,0.9970254210006715
657,0.09070760899976449,0.030389757999728317,0.44896168099967326,0.0820898799997849,0.0008424090001426521,0.2031872469992777,0.11247963799951322,1.0240860469971267,0.6217591699992226,0.17363989799969204,0.994538697997541
660,0.10032880900007513,0.030401516999972955,0.43639675900021757,0.08257640400006494,0.0007690219999858527,0.21330673000011302,0.1129779210000379,1.0390707700007624,0.6193019720003576,0.18367423500012592,1.0094382750007753
680,0.09315503200014064,0.030362972000148147,0.4296341679996658,0.08233177600004637,0.0007872189999034163,0.20584978000033516,0.11269474800019452,1.029167540000799,0.6051209759998528,0.17627402700009043,0.9995917870005542
687,0.09171943899991675,0.030407944000216958,0.4826592230001552,0.0814097130000846,0.0007831090001673147,0.2035370960002183,0.11181765700030155,1.0176342260010642,0.6557883750001565,0.17391226100016866,0.9880093910010146
693,0.09586852999973416,0.030424764000144933,0.2616483959996003,0.08137658199984799,0.000796970000010333,0.20766987599972708,0.11180134599999292,1.021435695998207,0.4388935079991825,0.17804208199959248,0.9918079019980723
702,0.09283757200000764,0.030419375000292348,0.3450975389996529,0.08191379800018694,0.0007967389997247665,0.20517074500048693,0.11233317300047929,1.0243087250023564,0.5198489089998475,0.17554810899991935,0.9946860890017888
705,0.09252890100015065,0.030365678999714873,0.5415026030000263,0.08191909099969052,0.0007761390002087865,0.20481367099955605,0.1122847699994054,1.0240045809964613,0.7159505949998675,0.17522413100004997,0.9944150409969552
709,0.09171014799994737,0.030412283999794454,0.3356937339999604,0.08194457799982047,0.0008048949998737953,0.2040670099995623,0.11235686199961492,1.023512789997767,0.5093484599997282,0.17445962099964163,0.9939054009978463
718,0.09226308699999208,0.030413687999953254,0.4744975829999021,0.0818526230000316,0.0007854909999878146,0.20452939799997694,0.11226631099998485,1.023055628000293,0.6486132929999258,0.1749012010000115,0.9934274310003275
724,0.09290891299997384,0.030448213999989093,0.6292378210000606,0.08143059299982269,0.0007932229996185924,0.20478771999978562,0.11187880699981179,1.0190936499980126,0.8035773269998572,0.17513272899941512,0.989438658997642
725,0.08861563200025557,0.030360613000084413,0.5389828570000645,0.07787263099999109,0.0007800899998073874,0.19684887600033107,0.1082332440000755,0.975575186000242,0.7054711200003112,0.16726835300005405,0.9459946629999649
737,0.09195808600043165,0.030391512000278453,0.7999055129998851,0.08184764399993583,0.0007864409999456257,0.20419724200064593,0.11223915600021428,1.0226736820000042,0.9737112430002526,0.1745921710003131,0.9930686109996714
738,0.09072260299990376,0.030393205000109447,0.5849124429996664,0.08181959500006997,0.0007797879998179269,0.20293540300008317,0.11221280000017941,1.0211313530007828,0.7574546409996401,0.17332198599979165,0.9915179360004913
742,0.09287474799975826,0.030398263000279258,0.5565913949999413,0.08196555899985469,0.0007686210001338623,0.2052385699998922,0.11236382200013395,1.0248941599984391,0.7314317019995542,0.1756089279997468,0.9952645179982937
759,0.09199809800020375,0.030441386999882525,0.381429345000015,0.0818768940002883,0.000807062000149017,0.20431637900037458,0.11231828100017083,1.0230853190032576,0.5553043370005071,0.17468205400064107,0.9934509940035241
770,0.09279542800004492,0.030434986000273057,0.2823624499997095,0.08185572899992621,0.0008523799997419701,0.2050861430002442,0.11229071500019927,1.0236434329995063,0.45701360699968063,0.1755035369997131,0.9940608269989752
774,0.09558974599985959,0.030401390999941214,0.6520995890000449,0.08153476799998316,0.0008091919999060337,0.20752590499978396,0.11193615899992437,1.0228735849996156,0.8292241029998877,0.17793370599974878,0.9932813859995804
783,0.09229946200002814,0.030393371999707597,0.6267177489999085,0.08199997499968958,0.0007692260001022078,0.20469280899942532,0.11239334699939718,1.0246925589963212,0.8010171859996262,0.17506866299981994,0.9950684129967158
785,0.09449511200000416,0.030407862000174646,0.6577851060001194,0.08155779399976382,0.0008425169999100035,0.20646076799994262,0.11196565599993846,1.0220387079975808,0.8338380119998874,0.17689542299967798,0.9924733629973161
786,0.08969754299960186,0.030392226999993,0.5431482450003386,0.07783077000021876,0.0007716370000707684,0.19792053999981363,0.10822299700021176,0.9762282400020013,0.7106765580001593,0.1682999499998914,0.946607650002079
789,0.08852025700025479,0.030426773999806755,0.4277526319997378,0.08136515600017447,0.0007755689998703019,0.200312187000236,0.11179192999998122,1.0139637470019807,0.597638045000167,0.17066098200029955,0.9843125420020442
794,0.09292332499990152,0.0303992039998775,0.5715716810000231,0.0818234600001233,0.0007784270001138793,0.20514598899990233,0.1122226640000008,1.0233805890011354,0.7463184660000479,0.1755252120001387,0.9937598120013718
801,0.09311014500008241,0.030385796000246046,0.8436761319999277,0.08209045100011281,0.0007752550000077463,0.20558639200044126,0.11247624700035885,1.0264909020015693,1.018876728000123,0.17597585100020297,0.996880361001331
805,0.09255727299978389,0.03042053000035594,0.41562428499992166,0.08204844600004435,0.0007838589999664691,0.20502624900018418,0.11246897600040029,1.0255107090006277,0.5902300039997499,0.1753895779997947,0.9958740380002382
807,0.09268617199995788,0.030413201000101253,0.4548566590001428,0.08138177300043026,0.0007879240001784638,0.2044811460004894,0.11179497400053151,1.018298876004792,0.628924604000531,0.1748558690005666,0.9886735990048692
813,0.09488315399994462,0.0304262459999336,0.4453386629998022,0.08191056000032404,0.0007827139997971244,0.20721996000020226,0.11233680600025764,1.0263255600034427,0.6221323770000708,0.1775764280000658,0.9966820280033062
816,0.08886006800003088,0.03040270600013173,0.5279366830000072,0.07775894399992467,0.0007748389998596394,0.19702171800008728,0.1081616500000564,0.974611157999334,0.6945556949999627,0.16739385099981519,0.9449832909990619
817,0.09317633099999512,0.030427445000441367,0.3074714059998769,0.081896431000132,0.0007673800000702613,0.20550020700056848,0.11232387600057336,1.0244645170018885,0.482544168000004,0.17584014200019737,0.9948044520015173
821,0.09293703200000891,0.030380690000129107,0.7605985520003742,0.0819982169996365,0.0007699130001128651,0.20531593899977452,0.1123789069997656,1.0252981089961395,0.9355338010000196,0.17570516199975827,0.9956873319961232
829,0.09290453299990986,0.030428439999923285,0.38699540700008583,0.08194058599974596,0.0007752750002509856,0.2052735589995791,0.11236902599966925,1.0246794189970387,0.5618405259997417,0.1756203939999068,0.9950262539973664
834,0.09319356800006062,0.03040537700007917,0.44468477400005213,0.08190888199987967,0.0007892799999353883,0.20550782700001946,0.11231425899995884,1.0245966469988161,0.6197872239999924,0.17589172999987568,0.9949805499986724
835,0.09205397300002005,0.030410220000248955,0.4456931780000559,0.08135042799995063,0.0007684530000915402,0.20381462100021963,0.11176064800019958,1.0173189009997259,0.6190975790000266,0.17417285400006222,0.9876771339995685
836,0.09277553799984162,0.03039680000028966,0.2584852640002282,0.0821865269999762,0.0007943159998831106,0.20535886500010747,0.11258332700026585,1.0272241349998694,0.433447329000046,0.17575638099970092,0.9976216509994629
838,0.0973969430001489,0.03043903899970246,0.7971887769999739,0.08121670999980779,0.0008046899997680157,0.20905269199965915,0.11165574899951025,1.021219791997737,0.9758024299999306,0.1794183429997247,0.9915854429978026
841,0.09111139700007698,0.030456478999894898,0.467052780999893,0.0811484730002121,0.0007649379999747907,0.20271634900018398,0.111604952000107,1.014201079002305,0.6393126510001821,0.17302480800026387,0.9845095380023849
858,0.09175226699971972,0.030397824999909062,0.7934484420002264,0.08186072199987393,0.0007813020001776749,0.20401081399950272,0.112258546999783,1.022618033998242,0.96706143099982,0.17439429099977133,0.9930015109985106
869,0.09199401500018212,0.030445841999608092,0.43159962099980476,0.08205114300017158,0.0008133999999699881,0.2044909999999618,0.11249698499977967,1.0250024300016776,0.6056447790001585,0.17485855800032368,0.9953699880020395
875,0.09075930700009849,0.030459046000032686,0.9928983099998732,0.0818638830000964,0.0007781459999023355,0.20308223600022757,0.11232292900012908,1.0217210660011915,1.165521500000068,0.17340133600009722,0.9920401660010612
910,0.09241115500026353,0.030430512000293675,0.47879892899982224,0.08132033200035949,0.0007661220001864422,0.2041619990009167,0.11175084400065316,1.0173653190045115,0.6525304160004453,0.17449760900080946,0.9877009290044043
912,0.08954374900031326,0.030431907000092906,0.6671691870001268,0.07772697099971992,0.0007666840001547826,0.19770262700012609,0.10815887799981283,0.9749723369973253,0.83443990700016,0.16803740400018796,0.9453071139973872
924,0.09226003999992827,0.0303869270001087,0.5050274469999749,0.08166588299991417,0.000773661000039283,0.20431284999995114,0.11205281000002287,1.0209716799990929,0.6789533699998174,0.17469958399988172,0.9913584139990235
927,0.09265453899979548,0.030393378000098892,0.5632134869997572,0.0813674500000161,0.0007677290000174253,0.20441536699991047,0.111760828000115,1.0180898670000715,0.7372354759995687,0.174789717999829,0.9884642179999901
933,0.09241988499979925,0.030426181000166252,1.2495230950003133,0.0813222560000213,0.0007606350000060047,0.2041683219999868,0.11174843700018755,1.0173908820001998,1.4232652360001339,0.17450277599982655,0.9877253360000395
936,0.09187130300006174,0.030417335000038292,0.42214975400020194,0.08203570900013801,0.0007695500003137568,0.20432434700023805,0.1124530440001763,1.0246814370016182,0.5960567660004017,0.1746765620005135,0.9950336520018936
937,0.09199855199995,0.030394048999824008,0.21546089699995719,0.08181587600029161,0.0007671779999327555,0.2042084770000656,0.11220992500011562,1.0223672370029817,0.3892753250001988,0.17458160600017436,0.9927403660030905
938,0.09278268699972614,0.03040134000002581,0.23181120999970517,0.08207367300019541,0.0007757029998174403,0.20525769999994736,0.11247501300022122,1.0259944300019015,0.4066675699996267,0.175632062999739,0.9963687930016931
940,0.09291669699996419,0.030412764999709907,0.6698636439996335,0.08138332999988052,0.0007683650001126807,0.2047127919995546,0.11179609499959042,1.0185460919983598,0.8441636709994782,0.17506839199995738,0.9889016919987625
943,0.09290226199982499,0.030364752999958,0.41812286999993376,0.08189805399979377,0.0007763029998386628,0.20516506899957676,0.11226280699975177,1.0241456089975145,0.5929231859995525,0.17557661899945742,0.9945571589973952
945,0.0925760650002303,0.030398577000141813,0.4025549839998348,0.08161890500014124,0.0007948460001898638,0.20459354700051335,0.11201748200028305,1.0207825970019258,0.5767499540002063,0.1749898160005614,0.9911788660019738
947,0.09220195599982617,0.030370793000201957,0.48017526000012367,0.08153446500000427,0.0008189340001081291,0.2041072140000324,0.11190525800020623,1.0194518640000751,0.6539116809999541,0.17455535499993857,0.9899000049999813
953,0.09342303299990817,0.03045385699988401,0.9117244779999965,0.08137168800021755,0.0007857559999138175,0.20524857800000973,0.11182554500010156,1.0189654580021852,1.0865191990001222,0.17558047700003954,0.989297357002215
958,0.09264999700008048,0.030414472999837017,0.7616694559997086,0.08187740799985477,0.0007820209998499195,0.20494187799977226,0.11229188099969178,1.02371595799832,0.9361968609996438,0.17530942599978516,0.9940835059983328
972,0.0882165600000917,0.03037902200003373,0.9082012399999257,0.07775438599992412,0.0007644930001333705,0.19634996800004956,0.10813340799995785,0.9738938279992908,1.0741721859999416,0.1667354390001492,0.9442792989993904
975,0.0879238979996444,0.030380763999801275,0.6703151229999094,0.07773625099980563,0.0007721380002294609,0.1960409129992513,0.10811701499960691,0.9734034229973076,0.8359752719993594,0.1664322869996795,0.9437947969977358
992,0.09033608099980484,0.03041142799975205,0.4145550700000058,0.08153720200016323,0.0007729869998911454,0.20228471099972012,0.11194862999991528,1.0176567310013525,0.5864283529999739,0.17264626999985921,0.9880182900014916
994,0.09030270199991719,0.030402570000205742,0.37278388699996867,0.08137624300024981,0.000781927999923937,0.20208151500037275,0.11177881300045556,1.015843945002871,0.5444628320001357,0.17246087300009094,0.9862233030025891
