k,enc,gen,midpoint,path11
6,0.009042239999871526,0.0029007400000864436,0.01194297999995797,0.040950380000822406
9,0.008784693000052357,0.0026976530000411003,0.011482346000093457,0.03845887600050446
17,0.00865188800003125,0.002812257999948997,0.011464145999980246,0.03958672599947022
22,0.008735182000009445,0.0028458650001539354,0.01158104700016338,0.040039697001702734
53,0.008650724999824888,0.0029209849999460857,0.011571709999770974,0.04078155999923183
68,0.008756515999948533,0.0028627830001823895,0.011619299000130923,0.04024712900195482
69,0.008495987999822319,0.002719974000001457,0.011215961999823776,0.03841570199983835
91,0.008671053999933065,0.0031017530000099214,0.011772806999942986,0.0427903370000422
99,0.009232477000068684,0.0028235259999291884,0.012056002999997872,0.040291262999289756
110,0.009090645000014774,0.002941476999922088,0.012032121999936862,0.04144689199915774
140,0.009284773999979734,0.0028945999999905325,0.012179373999970267,0.04112537399987559
142,0.009157261999916955,0.0027826759999243222,0.011939937999841277,0.0397666979990845
143,0.009158343000081004,0.002933674000132669,0.012092017000213673,0.04142875700154036
156,0.00920092499995917,0.00297505599996839,0.01217598099992756,0.04192654099961146
168,0.009246434000033332,0.0027277730000605516,0.011974207000093884,0.0392519370006994
174,0.009312120000004143,0.0027080190000106086,0.012020139000014751,0.03910032900012084
178,0.008671023000033529,0.002846210999905452,0.01151723399993898,0.0399793439989935
182,0.009382877999996708,0.002786673999935374,0.012169551999932082,0.04003629199928582
184,0.009251042999949277,0.0030219349998787948,0.012272977999828072,0.04249232799861602
193,0.009565935999944486,0.0028405620000739873,0.012406498000018473,0.040812118000758346
200,0.009138302000110343,0.0027676419999806967,0.01190594400009104,0.03958236399989801
214,0.009220754000125453,0.0028507839999747375,0.01207153800010019,0.040579377999847566
221,0.008901084000171977,0.002945142000044143,0.01184622600021612,0.04129764600065755
230,0.009099744999957693,0.0027994340000532247,0.011899179000010918,0.039893519000543165
232,0.009536955000157832,0.0030270990000644815,0.012564054000222313,0.04283504400086713
238,0.008991086999913023,0.0027864600001521467,0.01177754700006517,0.039642147001586636
239,0.009140330000036556,0.0028776149999885092,0.012017945000025065,0.04079409499991016
299,0.008560159999888128,0.002726134000113234,0.011286294000001362,0.0385476340011337
308,0.008849219000012454,0.0028110130001550715,0.011660232000167525,0.03977036200171824
315,0.008851674999959869,0.0027278570000817126,0.011579532000041581,0.03885810200085871
319,0.008499496000013096,0.002754530999936833,0.011254026999949929,0.03879933699931826
323,0.008588022999902023,0.0028083299998797884,0.011396352999781811,0.039479652998579695
339,0.008986296999864862,0.002872326999977304,0.011858623999842166,0.040581893999615204
362,0.008596940999950675,0.0026689720000376838,0.011265912999988359,0.037955633000365196
426,0.008562819999951898,0.0026897349998762365,0.011252554999828135,0.0381499049985905
428,0.008744089999936477,0.0026746410001123877,0.011418731000048865,0.03816514100117274
435,0.00877554700014116,0.002679848000070706,0.011455395000211865,0.038253875000918924
445,0.008563768999920285,0.0026901980002094206,0.011253967000129705,0.03815594700222391
451,0.008999599999924612,0.002635558999827481,0.011635158999752093,0.0379907489980269
456,0.008671868999954313,0.0027295709999179962,0.01140143999987231,0.03869714999905227
460,0.008724440999912986,0.0027329529998496582,0.011457393999762644,0.038786923998259226
473,0.008618216999821016,0.0027649339999697986,0.011383150999790814,0.0390324909994888
475,0.009212162000039825,0.0027299339999444783,0.011942095999984303,0.039241435999429086
479,0.008504795000135346,0.002595092000092336,0.011099887000227682,0.03705080700115104
489,0.008380582999961916,0.002688769000087632,0.011069352000049548,0.03795704200092587
499,0.008643736999829343,0.0026129650000257243,0.011256701999855068,0.03738635200011231
501,0.008625742000049286,0.0027453699999568926,0.011371112000006178,0.038824811999575104
502,0.008889535999969667,0.0027015690000098402,0.011591104999979507,0.03860679500007791
512,0.008384624999962398,0.002697165999961726,0.011081790999924124,0.03805345099954138
516,0.008840117999852737,0.002688509000108752,0.011528626999961489,0.03841371700104901
520,0.00915804900000694,0.003259707999859529,0.01241775699986647,0.04501483699846176
530,0.008995620999940002,0.002750854999931107,0.011746475999871109,0.03925502599918218
534,0.008613533000016105,0.0028218009999818605,0.011435333999997965,0.03965334399981657
536,0.008449096000049394,0.002698827999893183,0.011147923999942577,0.03813620399887441
549,0.00859403200001907,0.002756178000026921,0.01135021000004599,0.0389119900003152
565,0.008648761999893395,0.002606158000162395,0.01125492000005579,0.03731650000167974
568,0.008712326000022586,0.0028304690001732524,0.011542795000195838,0.03984748500192836
577,0.008608042999867394,0.002861341999960132,0.011469384999827525,0.040082804999428845
591,0.008833203999984107,0.0027934679999361833,0.01162667199992029,0.039561351999282124
606,0.008821128999898065,0.0029766560001007747,0.01179778499999884,0.041564345001006586
618,0.008701401999815062,0.0026777189998483664,0.011379120999663428,0.03815631099814709
626,0.00927493900007903,0.0027714039999864326,0.012046343000065463,0.03976038299992979
652,0.008869673000162948,0.0026989509999566508,0.011568624000119598,0.038558133999686106
656,0.008869505999882676,0.0027537450000636454,0.011623250999946322,0.039160701000582776
657,0.008367467999960354,0.002595607999865024,0.010963075999825378,0.03691915599847562
660,0.008417194000003292,0.0026561170000150014,0.011073311000018293,0.03763448100016831
680,0.008592578999923717,0.0027476550001210853,0.011340234000044802,0.038816784001255655
687,0.008650484999861874,0.00282653800013577,0.011477022999997644,0.03974240300135534
693,0.008644833999824186,0.002764853000144285,0.011409686999968471,0.03905821700141132
702,0.008841801000016858,0.0027101089999632677,0.011551909999980126,0.0386529999996128
705,0.008734468999819,0.002701391999835323,0.011435860999654324,0.038449780998007554
709,0.008608063999872684,0.002817080000113492,0.011425143999986176,0.0395959440011211
718,0.008604953000030946,0.002589944999954241,0.011194897999985187,0.0370943479995276
724,0.0086614599999848,0.002588841000033426,0.011250301000018226,0.03713871100035249
725,0.008479763999957868,0.0026290989999324665,0.011108862999890334,0.037399852999215
737,0.008367793999923379,0.0025287790001584654,0.010896573000081844,0.0361843630016665
738,0.008706619999884424,0.0027679840000018885,0.011474603999886313,0.0391544439999052
742,0.008687413000188826,0.002631466000138971,0.011318879000327797,0.03763353900171751
759,0.00834437200001048,0.0027730440001505485,0.011117416000161029,0.038847856001666514
770,0.008629050000081406,0.002664723999941998,0.011293774000023404,0.037941013999443385
774,0.008547616999976526,0.0027237250001235225,0.011271342000100049,0.03850859200133527
783,0.008586982999986503,0.00256098199997723,0.011147964999963733,0.03675778499973603
785,0.008502900999928897,0.0026862250001613575,0.011189126000090255,0.03805137600170383
786,0.008547829999997703,0.002721417999964615,0.011269247999962317,0.038483427999608466
789,0.008634680999875854,0.002693305999855511,0.011327986999731365,0.038261046998286474
794,0.009233911000137596,0.0027269910001450626,0.011960902000282658,0.039230812001733284
801,0.00926742399997238,0.002802791000021898,0.012070214999994278,0.04009812500021326
805,0.008568397999852095,0.0027397710000514053,0.0113081689999035,0.038705879000417553
807,0.009654070999886244,0.002783886999850438,0.012437957999736682,0.04027682799824106
813,0.009510673000022507,0.002749284999936208,0.012259957999958715,0.039752807999320794
816,0.009235058999820467,0.0028248050000456715,0.012059863999866138,0.04030791400032285
817,0.008988257000055455,0.002591485000039029,0.011579742000094484,0.03749459200048477
821,0.008659267999973963,0.0027251950000390934,0.011384463000013056,0.03863641300040399
829,0.008934127000202352,0.0028987850000703475,0.0118329120002727,0.040820762000976174
834,0.0092501279998487,0.002806740999858448,0.012056868999707149,0.04012427899829163
835,0.00961756299989247,0.0028228569999555475,0.012440419999848018,0.04066898999940349
836,0.009054357999957574,0.00279029300008915,0.011844651000046724,0.039747581000938226
838,0.00878329100009978,0.00257861199997933,0.01136190300007911,0.03714802299987241
841,0.00884593900013897,0.0028692220000721136,0.011715161000211083,0.04040738100093222
858,0.009094939000078739,0.002727413999991768,0.011822353000070507,0.039096492999988186
869,0.009041990000014266,0.0028562370000599913,0.011898227000074257,0.04046059700067417
875,0.0086085110001477,0.0029037870001502597,0.01151229800029796,0.04055016800180056
910,0.008832879999999932,0.002663856000026499,0.01149673600002643,0.03813529600029142
912,0.008968277000121816,0.002641056000129538,0.011609333000251354,0.038019893001546734
924,0.00866108900004292,0.002789540000094348,0.011450629000137269,0.03934602900108075
927,0.009099910999793792,0.0027153510000061942,0.011815261999799986,0.03896877199986193
933,0.009154287999990629,0.002928245000020979,0.012082533000011608,0.0413649830002214
936,0.008911315999966973,0.0027142169999478938,0.011625532999914867,0.038767702999393805
937,0.008804110000028231,0.0029987509999500617,0.011802860999978293,0.04179037099947891
938,0.008671922000075938,0.002652909000062209,0.011324831000138147,0.03785392100076024
940,0.009039765000125044,0.002765134999890506,0.01180490000001555,0.03945624999892061
943,0.008639801999834162,0.002695975000051476,0.011335776999885638,0.0382955270004004
945,0.008945606999986921,0.0027318479999394185,0.01167745499992634,0.038995934999320525
947,0.008993599999939761,0.0029027319999386236,0.011896331999878385,0.04092365199926462
953,0.008959696999909283,0.002709208999931434,0.011668905999840717,0.03876099599915506
958,0.008388751999973465,0.002639220999981262,0.011027972999954727,0.03742018299976735
972,0.008761050999964937,0.002802389999942534,0.01156344099990747,0.03958734099933281
975,0.009051902000010159,0.003136807999908342,0.012188709999918501,0.04355678999900192
992,0.009215567999945051,0.0026927559999876394,0.01190832399993269,0.038835883999809084
994,0.00912384999992355,0.002726483000060398,0.011850332999983948,0.03911516300058793
