k,category_A,category_B,file_A,file_B
0006,bubbly,smeared,A/0006_A.png,B/0006_B.png
0009,dotted,paisley,A/0009_A.png,B/0009_B.png
0017,knitted,zigzagged,A/0017_A.png,B/0017_B.png
0022,veined,zigzagged,A/0022_A.png,B/0022_B.png
0053,banded,pleated,A/0053_A.png,B/0053_B.png
0068,lined,swirly,A/0068_A.png,B/0068_B.png
0069,studded,zigzagged,A/0069_A.png,B/0069_B.png
0091,crystalline,flecked,A/0091_A.png,B/0091_B.png
0099,woven,zigzagged,A/0099_A.png,B/0099_B.png
0110,cobwebbed,grooved,A/0110_A.png,B/0110_B.png
0140,crystalline,sprinkled,A/0140_A.png,B/0140_B.png
0142,chequered,stained,A/0142_A.png,B/0142_B.png
0143,chequered,waffled,A/0143_A.png,B/0143_B.png
0156,blotchy,scaly,A/0156_A.png,B/0156_B.png
0168,porous,swirly,A/0168_A.png,B/0168_B.png
0174,bubbly,swirly,A/0174_A.png,B/0174_B.png
0178,grid,pleated,A/0178_A.png,B/0178_B.png
0182,bubbly,woven,A/0182_A.png,B/0182_B.png
0184,freckled,pleated,A/0184_A.png,B/0184_B.png
0193,cobwebbed,veined,A/0193_A.png,B/0193_B.png
0200,bubbly,honeycombed,A/0200_A.png,B/0200_B.png
0214,crosshatched,polka-dotted,A/0214_A.png,B/0214_B.png
0221,grooved,wrinkled,A/0221_A.png,B/0221_B.png
0230,honeycombed,scaly,A/0230_A.png,B/0230_B.png
0232,striped,wrinkled,A/0232_A.png,B/0232_B.png
0238,porous,wrinkled,A/0238_A.png,B/0238_B.png
0239,potholed,zigzagged,A/0239_A.png,B/0239_B.png
0299,scaly,zigzagged,A/0299_A.png,B/0299_B.png
0308,freckled,knitted,A/0308_A.png,B/0308_B.png
0315,cracked,porous,A/0315_A.png,B/0315_B.png
0319,perforated,striped,A/0319_A.png,B/0319_B.png
0323,interlaced,swirly,A/0323_A.png,B/0323_B.png
0339,waffled,wrinkled,A/0339_A.png,B/0339_B.png
0362,lined,marbled,A/0362_A.png,B/0362_B.png
0426,sprinkled,studded,A/0426_A.png,B/0426_B.png
0428,chequered,zigzagged,A/0428_A.png,B/0428_B.png
0435,grooved,stained,A/0435_A.png,B/0435_B.png
0445,marbled,wrinkled,A/0445_A.png,B/0445_B.png
0451,lacelike,studded,A/0451_A.png,B/0451_B.png
0456,paisley,stained,A/0456_A.png,B/0456_B.png
0460,stratified,zigzagged,A/0460_A.png,B/0460_B.png
0473,dotted,sprinkled,A/0473_A.png,B/0473_B.png
0475,cracked,pleated,A/0475_A.png,B/0475_B.png
0479,pleated,stratified,A/0479_A.png,B/0479_B.png
0489,scaly,stratified,A/0489_A.png,B/0489_B.png
0499,interlaced,sprinkled,A/0499_A.png,B/0499_B.png
0501,paisley,potholed,A/0501_A.png,B/0501_B.png
0502,freckled,grooved,A/0502_A.png,B/0502_B.png
0512,grid,stained,A/0512_A.png,B/0512_B.png
0516,gauzy,meshed,A/0516_A.png,B/0516_B.png
0520,grid,stratified,A/0520_A.png,B/0520_B.png
0530,lacelike,stratified,A/0530_A.png,B/0530_B.png
0534,matted,waffled,A/0534_A.png,B/0534_B.png
0536,gauzy,scaly,A/0536_A.png,B/0536_B.png
0549,bubbly,chequered,A/0549_A.png,B/0549_B.png
0565,bumpy,knitted,A/0565_A.png,B/0565_B.png
0568,cracked,gauzy,A/0568_A.png,B/0568_B.png
0577,freckled,honeycombed,A/0577_A.png,B/0577_B.png
0591,blotchy,meshed,A/0591_A.png,B/0591_B.png
0606,spiralled,veined,A/0606_A.png,B/0606_B.png
0618,braided,interlaced,A/0618_A.png,B/0618_B.png
0626,wrinkled,zigzagged,A/0626_A.png,B/0626_B.png
0652,braided,matted,A/0652_A.png,B/0652_B.png
0656,frilly,veined,A/0656_A.png,B/0656_B.png
0657,frilly,lined,A/0657_A.png,B/0657_B.png
0660,cobwebbed,crystalline,A/0660_A.png,B/0660_B.png
0680,flecked,gauzy,A/0680_A.png,B/0680_B.png
0687,crystalline,spiralled,A/0687_A.png,B/0687_B.png
0693,meshed,scaly,A/0693_A.png,B/0693_B.png
0702,braided,stained,A/0702_A.png,B/0702_B.png
0705,chequered,stained,A/0705_A.png,B/0705_B.png
0709,marbled,waffled,A/0709_A.png,B/0709_B.png
0718,bumpy,freckled,A/0718_A.png,B/0718_B.png
0724,crosshatched,grooved,A/0724_A.png,B/0724_B.png
0725,crosshatched,meshed,A/0725_A.png,B/0725_B.png
0737,polka-dotted,scaly,A/0737_A.png,B/0737_B.png
0738,braided,marbled,A/0738_A.png,B/0738_B.png
0742,knitted,stained,A/0742_A.png,B/0742_B.png
0759,blotchy,meshed,A/0759_A.png,B/0759_B.png
0770,bumpy,veined,A/0770_A.png,B/0770_B.png
0774,interlaced,spiralled,A/0774_A.png,B/0774_B.png
0783,stained,woven,A/0783_A.png,B/0783_B.png
0785,lacelike,scaly,A/0785_A.png,B/0785_B.png
0786,chequered,interlaced,A/0786_A.png,B/0786_B.png
0789,swirly,wrinkled,A/0789_A.png,B/0789_B.png
0794,crosshatched,interlaced,A/0794_A.png,B/0794_B.png
0801,smeared,spiralled,A/0801_A.png,B/0801_B.png
0805,fibrous,perforated,A/0805_A.png,B/0805_B.png
0807,honeycombed,swirly,A/0807_A.png,B/0807_B.png
0813,polka-dotted,striped,A/0813_A.png,B/0813_B.png
0816,banded,lacelike,A/0816_A.png,B/0816_B.png
0817,marbled,studded,A/0817_A.png,B/0817_B.png
0821,pleated,waffled,A/0821_A.png,B/0821_B.png
0829,matted,smeared,A/0829_A.png,B/0829_B.png
0834,blotchy,meshed,A/0834_A.png,B/0834_B.png
0835,perforated,swirly,A/0835_A.png,B/0835_B.png
0836,honeycombed,matted,A/0836_A.png,B/0836_B.png
0838,banded,frilly,A/0838_A.png,B/0838_B.png
0841,banded,zigzagged,A/0841_A.png,B/0841_B.png
0858,pitted,spiralled,A/0858_A.png,B/0858_B.png
0869,cracked,pitted,A/0869_A.png,B/0869_B.png
0875,blotchy,flecked,A/0875_A.png,B/0875_B.png
0910,bumpy,spiralled,A/0910_A.png,B/0910_B.png
0912,flecked,scaly,A/0912_A.png,B/0912_B.png
0924,fibrous,potholed,A/0924_A.png,B/0924_B.png
0927,bumpy,marbled,A/0927_A.png,B/0927_B.png
0933,braided,bumpy,A/0933_A.png,B/0933_B.png
0936,cobwebbed,pitted,A/0936_A.png,B/0936_B.png
0937,crosshatched,studded,A/0937_A.png,B/0937_B.png
0938,grooved,scaly,A/0938_A.png,B/0938_B.png
0940,meshed,striped,A/0940_A.png,B/0940_B.png
0943,dotted,striped,A/0943_A.png,B/0943_B.png
0945,gauzy,honeycombed,A/0945_A.png,B/0945_B.png
0947,chequered,scaly,A/0947_A.png,B/0947_B.png
0953,pitted,veined,A/0953_A.png,B/0953_B.png
0958,frilly,honeycombed,A/0958_A.png,B/0958_B.png
0972,lined,sprinkled,A/0972_A.png,B/0972_B.png
0975,banded,perforated,A/0975_A.png,B/0975_B.png
0992,crystalline,marbled,A/0992_A.png,B/0992_B.png
0994,smeared,waffled,A/0994_A.png,B/0994_B.png
