k,side,what,real_inc,real_dino,psnr_orig,lpips_orig,dino_orig,lpips_prev
6,A,orig,0.9242971539497375,1.1185481548309326,138.13080360867912,0.0,0.0,0.0
6,A,rec1,0.8945580124855042,0.9662663340568542,23.75324058532715,0.2156227082014084,32.44667434692383,0.2156227082014084
6,A,rec2,0.9655866026878357,0.887112557888031,23.343135833740234,0.4017573297023773,38.547115325927734,0.252468466758728
6,B,orig,0.8015832304954529,0.6960734724998474,138.13080360867912,0.0,0.0,0.0
6,B,rec1,0.9039267897605896,0.7991031408309937,25.007434844970703,0.25307807326316833,52.863739013671875,0.25307807326316833
6,B,rec2,0.863405168056488,0.8035187721252441,21.861867904663086,0.3473263382911682,53.45954895019531,0.12734565138816833
9,A,orig,1.0022035837173462,1.1240214109420776,138.13080360867912,0.0,0.0,0.0
9,A,rec1,1.0451033115386963,0.8647347092628479,14.975467681884766,0.33328303694725037,56.74031448364258,0.33328303694725037
9,A,rec2,1.0621596574783325,0.8218059539794922,15.423749923706055,0.43364042043685913,63.472007751464844,0.2568385601043701
9,B,orig,1.0710455179214478,0.9889293909072876,138.13080360867912,0.0,0.0,0.0
9,B,rec1,1.049813151359558,0.9307503700256348,22.95061492919922,0.23756060004234314,42.29569625854492,0.23756060004234314
9,B,rec2,1.0902401208877563,0.8551669716835022,22.308231353759766,0.35844656825065613,48.9862174987793,0.14931516349315643
17,A,orig,1.361191987991333,1.2420711517333984,138.13080360867912,0.0,0.0,0.0
17,A,rec1,1.1012160778045654,0.883910596370697,19.709861755371094,0.2378222942352295,44.45547866821289,0.2378222942352295
17,A,rec2,0.9088550209999084,0.947049617767334,19.033973693847656,0.3516632616519928,55.46427917480469,0.15918797254562378
17,B,orig,1.5071605443954468,7.447910308837891,138.13080360867912,0.0,0.0,0.0
17,B,rec1,1.1665925979614258,1.0257951021194458,23.141204833984375,0.05508203059434891,27.151275634765625,0.05508203059434891
17,B,rec2,1.150721788406372,1.0284924507141113,19.066486358642578,0.12380726635456085,34.313560485839844,0.05243232846260071
22,A,orig,0.8571327328681946,1.1836292743682861,138.13080360867912,0.0,0.0,0.0
22,A,rec1,0.8659136295318604,0.9213147759437561,26.605480194091797,0.21870934963226318,52.41891860961914,0.21870934963226318
22,A,rec2,0.9264190196990967,0.8735557198524475,25.605396270751953,0.36066412925720215,61.79690933227539,0.1819678544998169
22,B,orig,1.0588011741638184,0.7128865122795105,138.13080360867912,0.0,0.0,0.0
22,B,rec1,0.997062623500824,0.9250578284263611,14.602879524230957,0.3735949993133545,60.47593307495117,0.3735949993133545
22,B,rec2,0.9412086009979248,0.8068222403526306,15.117188453674316,0.5045790076255798,64.96685791015625,0.24285560846328735
53,A,orig,1.1281856298446655,1.314870834350586,138.13080360867912,0.0,0.0,0.0
53,A,rec1,1.0380702018737793,1.2770107984542847,20.227798461914062,0.14351117610931396,27.416683197021484,0.14351117610931396
53,A,rec2,0.9681768417358398,1.1070338487625122,18.042757034301758,0.21109691262245178,36.65584945678711,0.08612170070409775
53,B,orig,0.7591854333877563,0.7303444147109985,138.13080360867912,0.0,0.0,0.0
53,B,rec1,0.8539260029792786,0.7557652592658997,25.161914825439453,0.14657695591449738,51.29355239868164,0.14657695591449738
53,B,rec2,0.8879000544548035,0.7650231719017029,22.82392692565918,0.23867446184158325,58.164085388183594,0.07329479604959488
68,A,orig,1.1053764820098877,1.4380090236663818,138.13080360867912,0.0,0.0,0.0
68,A,rec1,1.077928066253662,1.0403387546539307,20.15985107421875,0.17167092859745026,32.64157485961914,0.17167092859745026
68,A,rec2,0.9983453154563904,0.9464362859725952,18.269336700439453,0.2548825144767761,41.20533752441406,0.12123947590589523
68,B,orig,1.2245597839355469,1.1056640148162842,138.13080360867912,0.0,0.0,0.0
68,B,rec1,1.0484941005706787,1.0556756258010864,28.472043991088867,0.18584035336971283,26.377174377441406,0.18584035336971283
68,B,rec2,1.1154274940490723,0.9411922097206116,28.584440231323242,0.30274268984794617,47.413516998291016,0.15423960983753204
69,A,orig,0.9644545316696167,0.8311075568199158,138.13080360867912,0.0,0.0,0.0
69,A,rec1,0.9232503771781921,0.7925852537155151,17.609800338745117,0.19521251320838928,28.467369079589844,0.19521251320838928
69,A,rec2,0.8699005842208862,0.7262269854545593,17.067779541015625,0.27815768122673035,40.768585205078125,0.13398082554340363
69,B,orig,1.0115212202072144,1.0672780275344849,138.13080360867912,0.0,0.0,0.0
69,B,rec1,1.0525020360946655,0.9694962501525879,17.64725685119629,0.1565004587173462,20.39892578125,0.1565004587173462
69,B,rec2,1.0555742979049683,0.9865583777427673,17.967573165893555,0.25586676597595215,24.103918075561523,0.10779033601284027
91,A,orig,0.9616085290908813,0.8966320157051086,138.13080360867912,0.0,0.0,0.0
91,A,rec1,1.0229982137680054,0.7474210262298584,20.307140350341797,0.20774245262145996,44.07874298095703,0.20774245262145996
91,A,rec2,1.0624834299087524,0.7875664234161377,18.673404693603516,0.30549293756484985,49.22148895263672,0.13199147582054138
91,B,orig,1.2577792406082153,1.5572081804275513,138.13080360867912,0.0,0.0,0.0
91,B,rec1,1.1185519695281982,1.010680079460144,23.26058578491211,0.20245222747325897,27.689510345458984,0.20245222747325897
91,B,rec2,1.145832896232605,0.8937556743621826,23.458032608032227,0.32922840118408203,48.021453857421875,0.18338221311569214
99,A,orig,1.0220668315887451,1.042900800704956,138.13080360867912,0.0,0.0,0.0
99,A,rec1,0.9974079728126526,0.9267457723617554,22.736953735351562,0.314928263425827,47.01081466674805,0.314928263425827
99,A,rec2,0.9755074977874756,0.8301823735237122,23.12128448486328,0.5437769293785095,50.78947448730469,0.28755590319633484
99,B,orig,1.0073963403701782,1.0918070077896118,138.13080360867912,0.0,0.0,0.0
99,B,rec1,0.9857627153396606,0.9711092114448547,11.593117713928223,0.4278419613838196,46.983245849609375,0.4278419613838196
99,B,rec2,1.0110278129577637,0.9252990484237671,11.833372116088867,0.5426850318908691,56.22119140625,0.25257548689842224
110,A,orig,0.797957718372345,1.012110948562622,138.13080360867912,0.0,0.0,0.0
110,A,rec1,0.8691706657409668,0.8463950753211975,22.405906677246094,0.2093578428030014,38.78828430175781,0.2093578428030014
110,A,rec2,0.9282445907592773,0.833339512348175,22.19742774963379,0.3595835566520691,46.82752227783203,0.17695236206054688
110,B,orig,0.86995530128479,0.7194496393203735,138.13080360867912,0.0,0.0,0.0
110,B,rec1,0.8465155959129333,0.7451278567314148,25.53188133239746,0.12645573914051056,45.48406219482422,0.12645573914051056
110,B,rec2,0.9216129183769226,0.752416729927063,23.6158447265625,0.23650053143501282,56.62498092651367,0.09565339982509613
140,A,orig,1.0532796382904053,1.0400594472885132,138.13080360867912,0.0,0.0,0.0
140,A,rec1,1.0414984226226807,0.7610903382301331,22.9619140625,0.19970157742500305,41.82721710205078,0.19970157742500305
140,A,rec2,0.9615775942802429,0.7598083019256592,21.185718536376953,0.31612008810043335,45.2520751953125,0.13103953003883362
140,B,orig,0.9070320725440979,1.0036461353302002,138.13080360867912,0.0,0.0,0.0
140,B,rec1,1.1456879377365112,0.9692090153694153,24.497055053710938,0.26966944336891174,42.33205032348633,0.26966944336891174
140,B,rec2,0.9824801087379456,0.8780757188796997,24.04888153076172,0.3862398564815521,45.743099212646484,0.17156487703323364
142,A,orig,1.2684229612350464,2.1695399284362793,138.13080360867912,0.0,0.0,0.0
142,A,rec1,1.0227984189987183,1.1743825674057007,30.201705932617188,0.07216024398803711,30.05847930908203,0.07216024398803711
142,A,rec2,0.8643187284469604,1.0949490070343018,25.831024169921875,0.1602402925491333,39.655242919921875,0.04348233342170715
142,B,orig,1.104110598564148,1.0014389753341675,138.13080360867912,0.0,0.0,0.0
142,B,rec1,1.0117504596710205,1.0716139078140259,28.131816864013672,0.30611592531204224,33.77552795410156,0.30611592531204224
142,B,rec2,0.9322735667228699,0.8820503950119019,27.278411865234375,0.4906681776046753,50.82668685913086,0.2202511876821518
143,A,orig,0.9803655743598938,1.524644136428833,138.13080360867912,0.0,0.0,0.0
143,A,rec1,0.9220884442329407,1.14263117313385,20.473709106445312,0.06565094739198685,36.413246154785156,0.06565094739198685
143,A,rec2,0.9086211323738098,1.0711634159088135,17.169450759887695,0.12205420434474945,39.75825500488281,0.03541288152337074
143,B,orig,1.083312749862671,1.0721206665039062,138.13080360867912,0.0,0.0,0.0
143,B,rec1,0.9339114427566528,0.863253653049469,24.895734786987305,0.21935537457466125,37.020355224609375,0.21935537457466125
143,B,rec2,0.8145532011985779,0.7370004057884216,22.95380401611328,0.370108962059021,51.50428009033203,0.16876666247844696
156,A,orig,0.9293274283409119,0.6893265247344971,138.13080360867912,0.0,0.0,0.0
156,A,rec1,0.904296875,0.7444812655448914,21.475902557373047,0.22768104076385498,42.05272674560547,0.22768104076385498
156,A,rec2,0.8009361624717712,0.7542842626571655,19.421340942382812,0.3365436792373657,49.048336029052734,0.1333254873752594
156,B,orig,1.4470469951629639,0.9137042760848999,138.13080360867912,0.0,0.0,0.0
156,B,rec1,1.0047410726547241,0.9100776314735413,18.66848373413086,0.17386531829833984,34.110939025878906,0.17386531829833984
156,B,rec2,0.990127682685852,0.8395311832427979,18.65963363647461,0.295757919549942,50.66546630859375,0.14958029985427856
168,A,orig,0.7477399706840515,0.7516475915908813,138.13080360867912,0.0,0.0,0.0
168,A,rec1,0.8856408596038818,0.7906450033187866,22.300018310546875,0.15223366022109985,31.438440322875977,0.15223366022109985
168,A,rec2,0.8959680795669556,0.8138774037361145,21.905197143554688,0.262782484292984,36.89909744262695,0.11781778186559677
168,B,orig,1.3704960346221924,0.9778288006782532,138.13080360867912,0.0,0.0,0.0
168,B,rec1,1.3080859184265137,0.8952913880348206,16.854148864746094,0.2298179566860199,22.766376495361328,0.2298179566860199
168,B,rec2,1.1924586296081543,0.9395185708999634,16.605594635009766,0.2847066819667816,31.688758850097656,0.11800133436918259
174,A,orig,0.931145966053009,1.5393577814102173,138.13080360867912,0.0,0.0,0.0
174,A,rec1,1.0390589237213135,0.831085205078125,18.19003677368164,0.21554526686668396,60.09872817993164,0.21554526686668396
174,A,rec2,0.8627611398696899,0.8264977335929871,17.921253204345703,0.3215707838535309,63.91029357910156,0.1532624512910843
174,B,orig,0.9993379712104797,0.9127482175827026,138.13080360867912,0.0,0.0,0.0
174,B,rec1,1.0396698713302612,0.9690967798233032,22.15506362915039,0.21622462570667267,37.60972213745117,0.21622462570667267
174,B,rec2,1.0096861124038696,0.9891772866249084,21.65351676940918,0.3293120265007019,40.305110931396484,0.13970769941806793
178,A,orig,1.0188100337982178,1.1217869520187378,138.13080360867912,0.0,0.0,0.0
178,A,rec1,0.9933751821517944,0.9826990962028503,10.814126968383789,0.3178659677505493,49.917320251464844,0.3178659677505493
178,A,rec2,1.0507779121398926,0.8984199166297913,11.17198371887207,0.4066081941127777,57.66004943847656,0.23000341653823853
178,B,orig,0.7609333395957947,0.8324123620986938,138.13080360867912,0.0,0.0,0.0
178,B,rec1,0.8597140908241272,0.9177680611610413,24.042949676513672,0.1742478907108307,32.16544723510742,0.1742478907108307
178,B,rec2,0.96163010597229,0.8078945279121399,21.025779724121094,0.2865810990333557,44.62046813964844,0.12387800216674805
182,A,orig,0.6817377805709839,1.4230097532272339,138.13080360867912,0.0,0.0,0.0
182,A,rec1,0.7389482259750366,0.8094518184661865,21.865760803222656,0.2558446526527405,48.69086456298828,0.2558446526527405
182,A,rec2,0.8491770625114441,0.894825279712677,21.108657836914062,0.3957231640815735,41.731239318847656,0.17998509109020233
182,B,orig,1.1679543256759644,1.1691032648086548,138.13080360867912,0.0,0.0,0.0
182,B,rec1,1.1485841274261475,1.0112123489379883,27.04364013671875,0.14825323224067688,32.871822357177734,0.14825323224067688
182,B,rec2,1.0299237966537476,0.9242305755615234,27.275375366210938,0.2610282897949219,39.16682052612305,0.10099959373474121
184,A,orig,4.943485260009766,1.1215561628341675,138.13080360867912,0.0,0.0,0.0
184,A,rec1,1.123550295829773,0.9894581437110901,28.15290069580078,0.23649829626083374,30.987367630004883,0.23649829626083374
184,A,rec2,0.9266071915626526,0.869301974773407,25.73702621459961,0.3883608281612396,41.44185256958008,0.14653486013412476
184,B,orig,0.7609333395957947,0.8324123620986938,138.13080360867912,0.0,0.0,0.0
184,B,rec1,0.8597140908241272,0.9177680611610413,24.042949676513672,0.1742478907108307,32.16544723510742,0.1742478907108307
184,B,rec2,0.96163010597229,0.8078945279121399,21.025779724121094,0.2865810990333557,44.62046813964844,0.12387800216674805
193,A,orig,0.8420091867446899,1.0503462553024292,138.13080360867912,0.0,0.0,0.0
193,A,rec1,0.7900763154029846,0.8261042237281799,24.716243743896484,0.18560971319675446,58.26542663574219,0.18560971319675446
193,A,rec2,0.9093031883239746,0.8256369829177856,22.798154830932617,0.3063238561153412,61.43396759033203,0.14102613925933838
193,B,orig,1.0762273073196411,0.831987738609314,138.13080360867912,0.0,0.0,0.0
193,B,rec1,0.9484289288520813,0.8982024192810059,27.954486846923828,0.18882562220096588,28.874038696289062,0.18882562220096588
193,B,rec2,0.9064452052116394,0.9183762669563293,27.397499084472656,0.3326447010040283,39.104148864746094,0.1461123675107956
200,A,orig,0.9080077409744263,1.086958408355713,138.13080360867912,0.0,0.0,0.0
200,A,rec1,0.9312660694122314,0.886355459690094,18.52547836303711,0.2567386329174042,28.668888092041016,0.2567386329174042
200,A,rec2,0.8498879671096802,0.9264605641365051,17.744741439819336,0.35554611682891846,33.11147689819336,0.1702154278755188
200,B,orig,1.051059365272522,1.0335421562194824,138.13080360867912,0.0,0.0,0.0
200,B,rec1,0.954824686050415,0.9135791063308716,19.820436477661133,0.08348160982131958,29.586727142333984,0.08348160982131958
200,B,rec2,0.9264292120933533,0.9346083402633667,17.731481552124023,0.1400439292192459,36.6301155090332,0.05403519421815872
214,A,orig,0.857995331287384,5.43287467956543,138.13080360867912,0.0,0.0,0.0
214,A,rec1,0.8259892463684082,1.3418890237808228,15.838850021362305,0.15243810415267944,31.939340591430664,0.15243810415267944
214,A,rec2,0.8573885560035706,1.0758280754089355,13.86922836303711,0.22202423214912415,40.3094596862793,0.10261180251836777
214,B,orig,0.9911944270133972,1.178690791130066,138.13080360867912,0.0,0.0,0.0
214,B,rec1,1.0669745206832886,0.8232631087303162,18.163509368896484,0.36388304829597473,59.63401794433594,0.36388304829597473
214,B,rec2,1.1047834157943726,0.8394657373428345,18.728368759155273,0.4350965917110443,56.26509094238281,0.22413155436515808
221,A,orig,0.840747058391571,0.8197776675224304,138.13080360867912,0.0,0.0,0.0
221,A,rec1,0.8472758531570435,0.8649333715438843,22.162086486816406,0.29103559255599976,45.20217514038086,0.29103559255599976
221,A,rec2,0.8043199181556702,0.8219078779220581,20.333126068115234,0.37546655535697937,51.44153594970703,0.13191917538642883
221,B,orig,1.006943941116333,0.8717113137245178,138.13080360867912,0.0,0.0,0.0
221,B,rec1,1.0459481477737427,0.9378467202186584,29.424427032470703,0.16885888576507568,29.117935180664062,0.16885888576507568
221,B,rec2,1.0026154518127441,0.9733801484107971,27.453739166259766,0.2571341097354889,36.39674377441406,0.124763123691082
230,A,orig,0.9806120991706848,1.5281928777694702,138.13080360867912,0.0,0.0,0.0
230,A,rec1,0.9213074445724487,0.8993587493896484,17.03879165649414,0.3153568506240845,55.38747787475586,0.3153568506240845
230,A,rec2,0.8804188966751099,0.819927453994751,16.240379333496094,0.4665289521217346,61.01729202270508,0.24085764586925507
230,B,orig,1.125929832458496,1.0562152862548828,138.13080360867912,0.0,0.0,0.0
230,B,rec1,0.9053774476051331,0.8571810722351074,25.35077667236328,0.28269606828689575,53.322147369384766,0.28269606828689575
230,B,rec2,0.9718924760818481,0.8775634169578552,24.807443618774414,0.4551447033882141,56.5016975402832,0.20943409204483032
232,A,orig,0.9021685719490051,0.8144694566726685,138.13080360867912,0.0,0.0,0.0
232,A,rec1,0.835941731929779,0.870256245136261,15.260762214660645,0.1109967976808548,32.067138671875,0.1109967976808548
232,A,rec2,0.8704162240028381,0.8459340929985046,12.418684959411621,0.17607270181179047,41.58599090576172,0.06320253014564514
232,B,orig,1.1363452672958374,1.0919114351272583,138.13080360867912,0.0,0.0,0.0
232,B,rec1,0.8715993165969849,0.9412117004394531,21.833045959472656,0.21060490608215332,42.705867767333984,0.21060490608215332
232,B,rec2,0.9108425974845886,0.8988812565803528,21.204700469970703,0.3245495855808258,45.28426742553711,0.17335112392902374
238,A,orig,0.956845223903656,0.7774325013160706,138.13080360867912,0.0,0.0,0.0
238,A,rec1,1.0450721979141235,0.7732980847358704,25.023469924926758,0.21149775385856628,43.28849411010742,0.21149775385856628
238,A,rec2,0.9859574437141418,0.8257157206535339,24.197898864746094,0.3485162556171417,55.84165954589844,0.16589438915252686
238,B,orig,1.078320860862732,0.7588816285133362,138.13080360867912,0.0,0.0,0.0
238,B,rec1,0.9600878953933716,0.815021812915802,25.900556564331055,0.28533095121383667,38.93560791015625,0.28533095121383667
238,B,rec2,1.0179344415664673,0.8114908337593079,24.31402015686035,0.4424746036529541,46.300601959228516,0.15144267678260803
239,A,orig,0.8293549418449402,2.3655102252960205,138.13080360867912,0.0,0.0,0.0
239,A,rec1,0.8980526924133301,0.876267671585083,23.1796932220459,0.23596696555614471,47.72605895996094,0.23596696555614471
239,A,rec2,0.8710789084434509,0.8430181741714478,21.309968948364258,0.34339579939842224,55.02914810180664,0.16566355526447296
239,B,orig,0.9674078822135925,1.0340538024902344,138.13080360867912,0.0,0.0,0.0
239,B,rec1,1.120316743850708,1.2160555124282837,20.158863067626953,0.16977658867835999,36.204383850097656,0.16977658867835999
239,B,rec2,1.2433090209960938,1.0933847427368164,17.861995697021484,0.2676790952682495,43.17670822143555,0.08879483491182327
299,A,orig,1.025849461555481,0.9108259081840515,138.13080360867912,0.0,0.0,0.0
299,A,rec1,1.0820167064666748,1.0030009746551514,19.202619552612305,0.0935070738196373,33.08474349975586,0.0935070738196373
299,A,rec2,1.079545021057129,0.9370299577713013,17.41579818725586,0.14470459520816803,46.97925567626953,0.0696854442358017
299,B,orig,0.9513805508613586,1.5799146890640259,138.13080360867912,0.0,0.0,0.0
299,B,rec1,0.9394524097442627,1.4059314727783203,20.384904861450195,0.09393651783466339,16.67924690246582,0.09393651783466339
299,B,rec2,0.9482345581054688,1.2698308229446411,17.177038192749023,0.1626526117324829,20.940147399902344,0.0492979921400547
308,A,orig,1.2453277111053467,1.0297337770462036,138.13080360867912,0.0,0.0,0.0
308,A,rec1,1.2233530282974243,1.0095993280410767,23.52348518371582,0.18723322451114655,25.472211837768555,0.18723322451114655
308,A,rec2,1.1770639419555664,1.0162785053253174,21.91407012939453,0.3233988881111145,35.72873306274414,0.17084945738315582
308,B,orig,1.0847892761230469,1.07960045337677,138.13080360867912,0.0,0.0,0.0
308,B,rec1,0.9756226539611816,0.8868756294250488,22.43217658996582,0.27708762884140015,33.7784423828125,0.27708762884140015
308,B,rec2,0.805622935295105,0.8275277614593506,21.271507263183594,0.39468836784362793,48.54830551147461,0.18936893343925476
315,A,orig,0.8393179178237915,0.9073171019554138,138.13080360867912,0.0,0.0,0.0
315,A,rec1,0.7761054635047913,0.8630772233009338,20.94266700744629,0.23718765377998352,23.033676147460938,0.23718765377998352
315,A,rec2,0.7993261218070984,0.8509211540222168,19.64877700805664,0.33391621708869934,30.716028213500977,0.134321928024292
315,B,orig,1.1993478536605835,1.0457022190093994,138.13080360867912,0.0,0.0,0.0
315,B,rec1,1.165684461593628,1.0314444303512573,26.972959518432617,0.23459181189537048,32.90913009643555,0.23459181189537048
315,B,rec2,0.9853620529174805,0.9533222317695618,26.810407638549805,0.4197726249694824,47.042789459228516,0.2027716189622879
319,A,orig,0.9083125591278076,1.1232150793075562,138.13080360867912,0.0,0.0,0.0
319,A,rec1,0.944537341594696,0.9963464140892029,21.005779266357422,0.09433650225400925,41.179012298583984,0.09433650225400925
319,A,rec2,0.9658028483390808,0.8892161250114441,18.52318572998047,0.14804890751838684,48.379600524902344,0.0494602806866169
319,B,orig,7.260961055755615,6.750646591186523,138.13080360867912,0.0,0.0,0.0
319,B,rec1,1.0926066637039185,1.0693168640136719,15.114935874938965,0.12704011797904968,31.454620361328125,0.12704011797904968
319,B,rec2,1.0156564712524414,1.0533872842788696,13.972278594970703,0.21278545260429382,34.26405334472656,0.08816125243902206
323,A,orig,0.9769161939620972,0.7711765766143799,138.13080360867912,0.0,0.0,0.0
323,A,rec1,0.9580341577529907,0.7651423215866089,21.874588012695312,0.16243943572044373,45.109737396240234,0.16243943572044373
323,A,rec2,0.9888938665390015,0.7767233848571777,20.171613693237305,0.26683154702186584,49.671630859375,0.1191779375076294
323,B,orig,1.0269826650619507,1.2180896997451782,138.13080360867912,0.0,0.0,0.0
323,B,rec1,1.0196906328201294,0.889340341091156,22.651262283325195,0.16930826008319855,38.40422821044922,0.16930826008319855
323,B,rec2,1.0093176364898682,0.8995272517204285,22.308547973632812,0.2461177259683609,40.70730972290039,0.09233453124761581
339,A,orig,0.8722299933433533,7.624952793121338,138.13080360867912,0.0,0.0,0.0
339,A,rec1,0.7614996433258057,0.8236241340637207,21.873685836791992,0.22244149446487427,41.23009490966797,0.22244149446487427
339,A,rec2,0.857379674911499,0.830675482749939,19.974790573120117,0.3463589549064636,50.74729537963867,0.13736486434936523
339,B,orig,0.9107616543769836,1.4609918594360352,138.13080360867912,0.0,0.0,0.0
339,B,rec1,0.8549510836601257,0.9410219788551331,17.991613388061523,0.23725222051143646,34.88909912109375,0.23725222051143646
339,B,rec2,0.8072832226753235,0.8491085171699524,17.426443099975586,0.321422278881073,47.61621856689453,0.18895800411701202
362,A,orig,0.9624045491218567,1.0274430513381958,138.13080360867912,0.0,0.0,0.0
362,A,rec1,1.0402964353561401,1.1265910863876343,20.55755615234375,0.10699182003736496,21.372774124145508,0.10699182003736496
362,A,rec2,1.0408941507339478,1.1447646617889404,18.26646614074707,0.15799400210380554,30.038925170898438,0.0588320717215538
362,B,orig,6.124561309814453,0.8515656590461731,138.13080360867912,0.0,0.0,0.0
362,B,rec1,1.0412318706512451,0.9255276322364807,28.88058090209961,0.29299697279930115,50.671382904052734,0.29299697279930115
362,B,rec2,1.0478042364120483,0.8762767910957336,27.549415588378906,0.4829338788986206,58.790313720703125,0.22270567715168
426,A,orig,0.9653511643409729,0.7359835505485535,138.13080360867912,0.0,0.0,0.0
426,A,rec1,1.143876075744629,0.8777860999107361,17.789527893066406,0.33689266443252563,49.29554748535156,0.33689266443252563
426,A,rec2,1.0394039154052734,0.8843105435371399,17.10262107849121,0.4375907778739929,52.764774322509766,0.15803667902946472
426,B,orig,0.8601011037826538,0.8256092667579651,138.13080360867912,0.0,0.0,0.0
426,B,rec1,1.0050898790359497,0.8590822815895081,19.118637084960938,0.23903796076774597,48.301876068115234,0.23903796076774597
426,B,rec2,0.9741509556770325,0.8480654358863831,17.21367645263672,0.34470564126968384,52.31922149658203,0.14230917394161224
428,A,orig,0.9878283143043518,0.8687382340431213,138.13080360867912,0.0,0.0,0.0
428,A,rec1,0.9878626465797424,0.9041216969490051,15.783610343933105,0.0820227861404419,29.412029266357422,0.0820227861404419
428,A,rec2,0.8795682191848755,0.9000675678253174,13.382401466369629,0.15174958109855652,42.324485778808594,0.06507609039545059
428,B,orig,1.2623876333236694,1.9008362293243408,138.13080360867912,0.0,0.0,0.0
428,B,rec1,1.1704754829406738,1.0624574422836304,26.506864547729492,0.03475018963217735,27.302688598632812,0.03475018963217735
428,B,rec2,1.1939929723739624,1.0340653657913208,22.444255828857422,0.07011552900075912,33.727210998535156,0.022637570276856422
435,A,orig,0.8755128383636475,0.7206878066062927,138.13080360867912,0.0,0.0,0.0
435,A,rec1,0.9574416875839233,0.7289864420890808,24.75405502319336,0.1645430475473404,36.17008972167969,0.1645430475473404
435,A,rec2,0.8520188331604004,0.7543777227401733,21.581573486328125,0.29808998107910156,54.22002029418945,0.13003598153591156
435,B,orig,0.9309918284416199,1.0262529850006104,138.13080360867912,0.0,0.0,0.0
435,B,rec1,0.8940706849098206,1.016207218170166,27.60909652709961,0.22711971402168274,30.776931762695312,0.22711971402168274
435,B,rec2,1.0260463953018188,0.9050260782241821,26.937454223632812,0.36951079964637756,46.584869384765625,0.1505892127752304
445,A,orig,0.9181853532791138,0.855331301689148,138.13080360867912,0.0,0.0,0.0
445,A,rec1,0.8604443073272705,0.8489815592765808,29.72601890563965,0.22504132986068726,32.81208801269531,0.22504132986068726
445,A,rec2,0.7929097414016724,0.8647985458374023,28.142841339111328,0.38100665807724,37.139373779296875,0.14810901880264282
445,B,orig,0.9404535889625549,0.7832712531089783,138.13080360867912,0.0,0.0,0.0
445,B,rec1,1.0536702871322632,0.8934540152549744,26.105024337768555,0.20173406600952148,36.982261657714844,0.20173406600952148
445,B,rec2,0.988987922668457,0.8006005883216858,25.085927963256836,0.336331844329834,36.58128356933594,0.12089946866035461
451,A,orig,1.0019476413726807,1.1324278116226196,138.13080360867912,0.0,0.0,0.0
451,A,rec1,1.0380618572235107,0.861994743347168,26.344013214111328,0.276968389749527,45.62838363647461,0.276968389749527
451,A,rec2,1.025518774986267,0.798410952091217,23.759946823120117,0.49145299196243286,56.7275276184082,0.2404075562953949
451,B,orig,4.269857406616211,0.8082954287528992,138.13080360867912,0.0,0.0,0.0
451,B,rec1,0.9221245646476746,0.7757210731506348,14.677762031555176,0.1782577633857727,36.58439636230469,0.1782577633857727
451,B,rec2,0.7899940609931946,0.8052797913551331,14.54818344116211,0.29008927941322327,37.45138931274414,0.1496519148349762
456,A,orig,0.9976391196250916,1.0617833137512207,138.13080360867912,0.0,0.0,0.0
456,A,rec1,0.9109546542167664,0.8945954442024231,16.784223556518555,0.20056721568107605,45.222381591796875,0.20056721568107605
456,A,rec2,0.8516731858253479,0.8619474768638611,15.750303268432617,0.2669915556907654,49.87844467163086,0.10257229954004288
456,B,orig,0.9264363050460815,0.9535311460494995,138.13080360867912,0.0,0.0,0.0
456,B,rec1,0.8249526023864746,1.0475178956985474,22.989543914794922,0.23275351524353027,31.472227096557617,0.23275351524353027
456,B,rec2,0.8238140940666199,0.9370379447937012,21.67310333251953,0.3891402781009674,43.11322784423828,0.22476613521575928
460,A,orig,1.075337529182434,0.9222825169563293,138.13080360867912,0.0,0.0,0.0
460,A,rec1,0.9520887136459351,1.0124144554138184,25.838275909423828,0.1254485547542572,18.362834930419922,0.1254485547542572
460,A,rec2,0.8754962086677551,0.9692521095275879,24.851762771606445,0.20179206132888794,25.681543350219727,0.08001437038183212
460,B,orig,0.9766963124275208,1.3642926216125488,138.13080360867912,0.0,0.0,0.0
460,B,rec1,0.9277676939964294,0.9898438453674316,11.487665176391602,0.22622781991958618,40.01470947265625,0.22622781991958618
460,B,rec2,0.9480893015861511,0.8911353945732117,11.15831470489502,0.27929601073265076,50.23026657104492,0.11054134368896484
473,A,orig,0.6727973222732544,1.104223370552063,138.13080360867912,0.0,0.0,0.0
473,A,rec1,0.7527939081192017,0.8819769024848938,19.90989112854004,0.06019796431064606,48.62938690185547,0.06019796431064606
473,A,rec2,0.7571203112602234,0.8344915509223938,16.101776123046875,0.11405698210000992,51.377708435058594,0.04396447911858559
473,B,orig,0.8912263512611389,0.7230517864227295,138.13080360867912,0.0,0.0,0.0
473,B,rec1,0.9107096791267395,0.7985075116157532,20.29524803161621,0.34013593196868896,58.211463928222656,0.34013593196868896
473,B,rec2,0.9746590256690979,0.8248233199119568,19.853595733642578,0.5069042444229126,62.08564758300781,0.25836700201034546
475,A,orig,1.0751808881759644,0.9671014547348022,138.13080360867912,0.0,0.0,0.0
475,A,rec1,1.0342357158660889,1.0293967723846436,23.520740509033203,0.2895217537879944,33.01345443725586,0.2895217537879944
475,A,rec2,0.946552574634552,0.9578866362571716,23.04085922241211,0.4264693558216095,44.71670150756836,0.2087068259716034
475,B,orig,1.1034990549087524,0.9941852688789368,138.13080360867912,0.0,0.0,0.0
475,B,rec1,0.9316941499710083,0.8067942261695862,19.856082916259766,0.3038942813873291,62.350399017333984,0.3038942813873291
475,B,rec2,0.9854899048805237,0.8289651870727539,19.368938446044922,0.46252182126045227,63.617164611816406,0.20687128603458405
479,A,orig,1.0051594972610474,0.8615576028823853,138.13080360867912,0.0,0.0,0.0
479,A,rec1,1.0988441705703735,0.8812409043312073,25.836441040039062,0.2014254480600357,32.66334533691406,0.2014254480600357
479,A,rec2,0.9872269034385681,0.8429032564163208,23.43267059326172,0.3317874073982239,43.36524200439453,0.13326819241046906
479,B,orig,1.0211676359176636,0.9873791337013245,138.13080360867912,0.0,0.0,0.0
479,B,rec1,1.005700707435608,1.0266515016555786,22.45111846923828,0.18543216586112976,19.674129486083984,0.18543216586112976
479,B,rec2,0.974599301815033,0.9960708022117615,21.38298797607422,0.2898024320602417,26.565141677856445,0.1181546300649643
489,A,orig,0.7832842469215393,0.8795373439788818,138.13080360867912,0.0,0.0,0.0
489,A,rec1,0.8738393783569336,0.7808641195297241,20.546775817871094,0.30405640602111816,31.036680221557617,0.30405640602111816
489,A,rec2,0.8509839773178101,0.7950023412704468,20.468425750732422,0.5033088326454163,41.26807403564453,0.2567293643951416
489,B,orig,0.996633768081665,1.0292125940322876,138.13080360867912,0.0,0.0,0.0
489,B,rec1,0.981022298336029,0.9341101050376892,22.238969802856445,0.2325291931629181,26.645641326904297,0.2325291931629181
489,B,rec2,0.8937901854515076,0.8351787328720093,20.560897827148438,0.35090354084968567,43.67205047607422,0.13452796638011932
499,A,orig,0.9825770258903503,1.162584900856018,138.13080360867912,0.0,0.0,0.0
499,A,rec1,1.0069178342819214,0.8504804968833923,25.385562896728516,0.21059679985046387,43.205528259277344,0.21059679985046387
499,A,rec2,1.0458019971847534,0.9086288213729858,25.17226791381836,0.3305165767669678,52.536407470703125,0.12340722978115082
499,B,orig,0.9563977122306824,0.9252280592918396,138.13080360867912,0.0,0.0,0.0
499,B,rec1,1.032097578048706,1.0824406147003174,22.175865173339844,0.26185885071754456,36.52914047241211,0.26185885071754456
499,B,rec2,0.9354282021522522,0.9617862701416016,21.582836151123047,0.40735191106796265,38.40845489501953,0.21363529562950134
501,A,orig,1.1061419248580933,1.5701950788497925,138.13080360867912,0.0,0.0,0.0
501,A,rec1,1.2025129795074463,0.9045609831809998,23.968402862548828,0.2434011548757553,39.69255447387695,0.2434011548757553
501,A,rec2,1.0249935388565063,0.8833498358726501,22.877519607543945,0.3462578058242798,47.3911018371582,0.11797042191028595
501,B,orig,0.720390796661377,0.7886692881584167,138.13080360867912,0.0,0.0,0.0
501,B,rec1,0.7247079610824585,0.8200384378433228,22.46259880065918,0.2598888874053955,38.05866241455078,0.2598888874053955
501,B,rec2,0.7892115712165833,0.7993293404579163,21.18902015686035,0.3778805434703827,45.07123565673828,0.14705263078212738
502,A,orig,0.7688394784927368,0.6936836838722229,138.13080360867912,0.0,0.0,0.0
502,A,rec1,0.7912181615829468,0.7076497673988342,20.33003044128418,0.22810134291648865,46.985633850097656,0.22810134291648865
502,A,rec2,0.7806397080421448,0.7309350967407227,19.661481857299805,0.34093940258026123,56.37992858886719,0.15505921840667725
502,B,orig,1.0662356615066528,0.8635372519493103,138.13080360867912,0.0,0.0,0.0
502,B,rec1,1.074208378791809,0.9064258933067322,28.18061637878418,0.17661313712596893,43.436424255371094,0.17661313712596893
502,B,rec2,0.9793132543563843,0.8906890153884888,28.804471969604492,0.23268745839595795,46.08268737792969,0.08718650043010712
512,A,orig,0.7918590903282166,1.4329822063446045,138.13080360867912,0.0,0.0,0.0
512,A,rec1,0.7980852127075195,1.127096176147461,27.222063064575195,0.029227357357740402,25.02659797668457,0.029227357357740402
512,A,rec2,0.8494783639907837,1.0869275331497192,23.67670249938965,0.06192687526345253,33.780574798583984,0.020834684371948242
512,B,orig,0.7895398736000061,0.8313990831375122,138.13080360867912,0.0,0.0,0.0
512,B,rec1,0.7192453145980835,0.8696969747543335,22.96367645263672,0.2518380880355835,33.01873779296875,0.2518380880355835
512,B,rec2,0.7546555399894714,0.8395255208015442,21.167020797729492,0.37006717920303345,48.877376556396484,0.14149999618530273
516,A,orig,0.878864049911499,0.8410751223564148,138.13080360867912,0.0,0.0,0.0
516,A,rec1,0.8138772249221802,0.8205794095993042,22.86961555480957,0.3099711537361145,60.36785125732422,0.3099711537361145
516,A,rec2,0.8680360317230225,0.8180479407310486,21.376466751098633,0.46786752343177795,62.76244354248047,0.19209399819374084
516,B,orig,0.8673964142799377,0.7875334620475769,138.13080360867912,0.0,0.0,0.0
516,B,rec1,0.8420314788818359,0.7969445586204529,22.80799102783203,0.1888248473405838,28.425722122192383,0.1888248473405838
516,B,rec2,0.8775197267532349,0.9010802507400513,22.99664306640625,0.32686054706573486,40.36005401611328,0.13980042934417725
520,A,orig,1.0475693941116333,1.558599829673767,138.13080360867912,0.0,0.0,0.0
520,A,rec1,1.075596809387207,0.8636216521263123,29.18907356262207,0.4110327363014221,62.04734802246094,0.4110327363014221
520,A,rec2,1.0056506395339966,0.8587435483932495,27.294574737548828,0.45032134652137756,62.38905715942383,0.22192607820034027
520,B,orig,0.9483382701873779,0.9346407055854797,138.13080360867912,0.0,0.0,0.0
520,B,rec1,1.0395950078964233,0.9869323968887329,19.899063110351562,0.24967089295387268,30.91143226623535,0.24967089295387268
520,B,rec2,0.8965972661972046,0.9085232019424438,19.078571319580078,0.3653624355792999,46.77753829956055,0.16374889016151428
530,A,orig,1.0074137449264526,0.9923156499862671,138.13080360867912,0.0,0.0,0.0
530,A,rec1,0.9143454432487488,0.8674006462097168,27.392475128173828,0.21546784043312073,38.73966979980469,0.21546784043312073
530,A,rec2,0.9311516880989075,0.9400752782821655,26.83251953125,0.3311942219734192,52.244956970214844,0.15830618143081665
530,B,orig,0.8766118288040161,0.9977661967277527,138.13080360867912,0.0,0.0,0.0
530,B,rec1,0.9352890253067017,0.9353427290916443,19.307334899902344,0.22095414996147156,23.614856719970703,0.22095414996147156
530,B,rec2,0.9347803592681885,0.9616637229919434,17.670495986938477,0.32085728645324707,30.712739944458008,0.1519574522972107
534,A,orig,0.9294789433479309,0.761408269405365,138.13080360867912,0.0,0.0,0.0
534,A,rec1,0.966090738773346,0.7921106219291687,32.30966567993164,0.19491980969905853,29.32219123840332,0.19491980969905853
534,A,rec2,0.9537360072135925,0.8018704652786255,30.855388641357422,0.32877635955810547,43.290443420410156,0.12356266379356384
534,B,orig,0.8810404539108276,9.030552864074707,138.13080360867912,0.0,0.0,0.0
534,B,rec1,0.8502299785614014,1.0965731143951416,23.187788009643555,0.2603745460510254,27.44540786743164,0.2603745460510254
534,B,rec2,0.8811679482460022,0.8240044713020325,21.401941299438477,0.4285939931869507,41.008296966552734,0.19568680226802826
536,A,orig,1.0568397045135498,1.0613971948623657,138.13080360867912,0.0,0.0,0.0
536,A,rec1,1.1725714206695557,0.9697324633598328,28.96639633178711,0.18140654265880585,31.98784637451172,0.18140654265880585
536,A,rec2,1.018990397453308,0.9230250120162964,27.239532470703125,0.28606119751930237,39.59247970581055,0.10035708546638489
536,B,orig,3.288022041320801,3.1015045642852783,138.13080360867912,0.0,0.0,0.0
536,B,rec1,1.3110731840133667,1.4248111248016357,21.054706573486328,0.23872143030166626,24.87178611755371,0.23872143030166626
536,B,rec2,1.046081304550171,1.0575815439224243,20.141559600830078,0.34136897325515747,34.845481872558594,0.14686885476112366
549,A,orig,0.8794531226158142,1.0611251592636108,138.13080360867912,0.0,0.0,0.0
549,A,rec1,0.8535060286521912,0.8725963830947876,21.34259033203125,0.31327226758003235,42.314170837402344,0.31327226758003235
549,A,rec2,0.8464652895927429,0.8118582367897034,20.611618041992188,0.4602034091949463,47.74380874633789,0.20709437131881714
549,B,orig,0.6966100335121155,2.4668514728546143,138.13080360867912,0.0,0.0,0.0
549,B,rec1,0.876691997051239,1.1178925037384033,19.572898864746094,0.1147606372833252,51.44008255004883,0.1147606372833252
549,B,rec2,0.7433128356933594,0.9959345459938049,15.77852725982666,0.2111395001411438,55.81116485595703,0.07137639820575714
565,A,orig,1.1593493223190308,0.6877370476722717,138.13080360867912,0.0,0.0,0.0
565,A,rec1,0.919247031211853,0.7693484425544739,22.35126304626465,0.21792010962963104,54.68015670776367,0.21792010962963104
565,A,rec2,0.911857545375824,0.7820574641227722,21.077482223510742,0.3546198010444641,64.04210662841797,0.1746729463338852
565,B,orig,1.2398254871368408,1.3983666896820068,138.13080360867912,0.0,0.0,0.0
565,B,rec1,1.0930325984954834,1.181024193763733,19.150680541992188,0.14156632125377655,23.53717041015625,0.14156632125377655
565,B,rec2,1.1229984760284424,0.8450528383255005,18.319477081298828,0.22218072414398193,47.51456832885742,0.1161561831831932
568,A,orig,0.766333818435669,0.9122663140296936,138.13080360867912,0.0,0.0,0.0
568,A,rec1,0.7961506843566895,0.9920098781585693,18.293785095214844,0.206471785902977,27.443754196166992,0.206471785902977
568,A,rec2,0.8057094812393188,0.9642130136489868,17.508848190307617,0.3032057285308838,39.5926399230957,0.14737923443317413
568,B,orig,1.2178361415863037,1.0081580877304077,138.13080360867912,0.0,0.0,0.0
568,B,rec1,1.1619617938995361,0.9436292052268982,33.50270080566406,0.21995218098163605,31.384984970092773,0.21995218098163605
568,B,rec2,1.0086660385131836,0.9797355532646179,32.99512481689453,0.3723885715007782,39.294921875,0.14046205580234528
577,A,orig,1.0905600786209106,0.671226978302002,138.13080360867912,0.0,0.0,0.0
577,A,rec1,0.9879453182220459,0.6871569752693176,22.220420837402344,0.18322715163230896,40.521480560302734,0.18322715163230896
577,A,rec2,0.9201465845108032,0.6869857907295227,19.784360885620117,0.2856093943119049,45.103389739990234,0.11671808362007141
577,B,orig,0.9334844946861267,1.3401862382888794,138.13080360867912,0.0,0.0,0.0
577,B,rec1,0.7714593410491943,0.8817911744117737,23.548128128051758,0.18653970956802368,47.20010757446289,0.18653970956802368
577,B,rec2,0.7783071398735046,0.8598982691764832,23.937137603759766,0.2979041039943695,48.0738410949707,0.14283062517642975
591,A,orig,0.9364243745803833,0.7965114116668701,138.13080360867912,0.0,0.0,0.0
591,A,rec1,0.9343353509902954,0.8253650069236755,24.839399337768555,0.2643578052520752,37.72161865234375,0.2643578052520752
591,A,rec2,0.9064210653305054,0.7983562350273132,23.119556427001953,0.4316540062427521,51.491119384765625,0.19714874029159546
591,B,orig,1.0088969469070435,0.947536051273346,138.13080360867912,0.0,0.0,0.0
591,B,rec1,1.0047070980072021,0.9477099180221558,15.974309921264648,0.1054922565817833,39.839324951171875,0.1054922565817833
591,B,rec2,1.0355926752090454,0.9000855684280396,16.425048828125,0.16075541079044342,39.608394622802734,0.0979379191994667
606,A,orig,0.8903743624687195,0.715021550655365,138.13080360867912,0.0,0.0,0.0
606,A,rec1,0.8862375020980835,0.858393132686615,21.413921356201172,0.1250215768814087,50.90700912475586,0.1250215768814087
606,A,rec2,0.8067644238471985,0.9388913512229919,19.732593536376953,0.1903853565454483,54.30670166015625,0.071294866502285
606,B,orig,0.8684144020080566,0.6663742065429688,138.13080360867912,0.0,0.0,0.0
606,B,rec1,0.8744536638259888,0.6874554753303528,21.67055892944336,0.2558208405971527,36.00800323486328,0.2558208405971527
606,B,rec2,0.9097626805305481,0.6865106821060181,20.602310180664062,0.3912653625011444,48.39094924926758,0.16167402267456055
618,A,orig,0.8238385319709778,0.8165705800056458,138.13080360867912,0.0,0.0,0.0
618,A,rec1,0.8707082271575928,0.7636005878448486,22.10207748413086,0.130844846367836,40.15060806274414,0.130844846367836
618,A,rec2,0.9025903344154358,0.7735567092895508,19.626201629638672,0.2276192307472229,44.93996810913086,0.06939678639173508
618,B,orig,1.1360681056976318,0.9710279107093811,138.13080360867912,0.0,0.0,0.0
618,B,rec1,1.0000433921813965,0.8616852760314941,17.634159088134766,0.18503260612487793,45.37565612792969,0.18503260612487793
618,B,rec2,0.9687526822090149,0.9094750285148621,16.74563217163086,0.24920940399169922,54.2945671081543,0.1232883557677269
626,A,orig,0.9765927791595459,0.8551118969917297,138.13080360867912,0.0,0.0,0.0
626,A,rec1,0.8150865435600281,0.8653862476348877,20.09872055053711,0.12564077973365784,28.728830337524414,0.12564077973365784
626,A,rec2,0.7308108806610107,0.9003472924232483,18.131542205810547,0.2150021493434906,44.373043060302734,0.08754277229309082
626,B,orig,1.1003984212875366,1.0527803897857666,138.13080360867912,0.0,0.0,0.0
626,B,rec1,1.202422857284546,0.9291993379592896,14.155235290527344,0.16195279359817505,49.5900764465332,0.16195279359817505
626,B,rec2,1.1781952381134033,0.9135845303535461,14.648957252502441,0.19667676091194153,51.729576110839844,0.15704908967018127
652,A,orig,0.9245160222053528,0.7820587754249573,138.13080360867912,0.0,0.0,0.0
652,A,rec1,0.9390527009963989,0.7693645358085632,21.410030364990234,0.12376123666763306,32.94756317138672,0.12376123666763306
652,A,rec2,0.9139220118522644,0.7786033153533936,19.765087127685547,0.19479435682296753,41.968017578125,0.08118326216936111
652,B,orig,0.8915379047393799,0.8093799352645874,138.13080360867912,0.0,0.0,0.0
652,B,rec1,0.9599964022636414,0.8559946417808533,21.08785629272461,0.280994713306427,38.86261749267578,0.280994713306427
652,B,rec2,0.8982225656509399,0.8613042831420898,19.848297119140625,0.4341699779033661,49.642391204833984,0.22127287089824677
656,A,orig,0.950059175491333,0.7397319078445435,138.13080360867912,0.0,0.0,0.0
656,A,rec1,0.9162623286247253,0.7668988108634949,22.81217384338379,0.17046868801116943,38.673439025878906,0.17046868801116943
656,A,rec2,0.8924249410629272,0.7976859211921692,20.61603355407715,0.2949243485927582,51.57087707519531,0.12486660480499268
656,B,orig,1.237955093383789,2.186605215072632,138.13080360867912,0.0,0.0,0.0
656,B,rec1,1.2263808250427246,1.1089529991149902,27.467449188232422,0.2600233852863312,33.677982330322266,0.2600233852863312
656,B,rec2,1.2296379804611206,0.8542346358299255,27.114883422851562,0.4257180392742157,54.00263214111328,0.20165832340717316
657,A,orig,1.0357978343963623,0.7347152829170227,138.13080360867912,0.0,0.0,0.0
657,A,rec1,0.9796057939529419,0.7905945181846619,26.02773666381836,0.15483269095420837,50.36716079711914,0.15483269095420837
657,A,rec2,1.0109866857528687,0.7657848596572876,23.40278434753418,0.2550499737262726,52.23958969116211,0.09307987987995148
657,B,orig,0.9624045491218567,1.0274430513381958,138.13080360867912,0.0,0.0,0.0
657,B,rec1,1.0402964353561401,1.1265910863876343,20.55755615234375,0.10699182003736496,21.372774124145508,0.10699182003736496
657,B,rec2,1.0408941507339478,1.1447646617889404,18.26646614074707,0.15799400210380554,30.038925170898438,0.0588320717215538
660,A,orig,0.9953726530075073,0.803057849407196,138.13080360867912,0.0,0.0,0.0
660,A,rec1,1.002076506614685,0.8309016227722168,13.973909378051758,0.1884576976299286,44.16885757446289,0.1884576976299286
660,A,rec2,0.9555922150611877,0.8293249011039734,12.8355131149292,0.293700635433197,51.86732864379883,0.1452895551919937
660,B,orig,0.8254572153091431,1.0229405164718628,138.13080360867912,0.0,0.0,0.0
660,B,rec1,0.7819582223892212,0.9605876207351685,23.409860610961914,0.19627198576927185,37.61672592163086,0.19627198576927185
660,B,rec2,0.8524656891822815,0.8718999624252319,21.12198829650879,0.2823770344257355,53.42024230957031,0.10536317527294159
680,A,orig,0.905005693435669,1.0539793968200684,138.13080360867912,0.0,0.0,0.0
680,A,rec1,0.9920139312744141,0.9741320013999939,25.45250129699707,0.24566681683063507,33.35519790649414,0.24566681683063507
680,A,rec2,0.9347372055053711,0.9519292116165161,25.144548416137695,0.36731892824172974,37.48049545288086,0.1868218630552292
680,B,orig,0.956324577331543,0.8527109622955322,138.13080360867912,0.0,0.0,0.0
680,B,rec1,0.9520038962364197,0.9519277811050415,20.159561157226562,0.1900116205215454,37.32805633544922,0.1900116205215454
680,B,rec2,1.031173825263977,0.9112250208854675,18.692787170410156,0.2785511314868927,46.13201904296875,0.12896646559238434
687,A,orig,0.8896101117134094,0.9618266224861145,138.13080360867912,0.0,0.0,0.0
687,A,rec1,0.8860698938369751,0.8983621597290039,25.926918029785156,0.20396828651428223,37.0858268737793,0.20396828651428223
687,A,rec2,0.966690719127655,0.8582186102867126,23.49161148071289,0.3074980676174164,43.960166931152344,0.11950445175170898
687,B,orig,0.8011789917945862,0.7709519863128662,138.13080360867912,0.0,0.0,0.0
687,B,rec1,0.8173969984054565,0.7686864137649536,23.672603607177734,0.17127281427383423,18.957618713378906,0.17127281427383423
687,B,rec2,0.8484346866607666,0.7837122678756714,22.019084930419922,0.277300626039505,31.549026489257812,0.13332609832286835
693,A,orig,0.7964520454406738,0.8010523915290833,138.13080360867912,0.0,0.0,0.0
693,A,rec1,0.7637667059898376,0.766298770904541,19.925569534301758,0.13412818312644958,35.264923095703125,0.13412818312644958
693,A,rec2,0.8078930377960205,0.8008562922477722,19.396072387695312,0.21791917085647583,47.0099983215332,0.10426473617553711
693,B,orig,1.0500926971435547,0.9274623394012451,138.13080360867912,0.0,0.0,0.0
693,B,rec1,1.0093642473220825,0.855613648891449,19.581592559814453,0.27505841851234436,35.10920715332031,0.27505841851234436
693,B,rec2,0.9071336984634399,0.8098079562187195,19.076866149902344,0.39308270812034607,47.69593048095703,0.22383850812911987
702,A,orig,0.9817733764648438,0.9825285077095032,138.13080360867912,0.0,0.0,0.0
702,A,rec1,0.993162989616394,0.9248409867286682,24.09937858581543,0.20880526304244995,20.673656463623047,0.20880526304244995
702,A,rec2,1.0361387729644775,0.9211711287498474,22.586753845214844,0.3662983179092407,30.726903915405273,0.1631937026977539
702,B,orig,1.043104887008667,0.9444052577018738,138.13080360867912,0.0,0.0,0.0
702,B,rec1,1.041104793548584,1.203218698501587,25.399646759033203,0.2679196000099182,39.16881561279297,0.2679196000099182
702,B,rec2,0.9438275098800659,0.9562907814979553,23.996068954467773,0.44320932030677795,43.40092468261719,0.20906293392181396
705,A,orig,0.8926188349723816,1.2956992387771606,138.13080360867912,0.0,0.0,0.0
705,A,rec1,1.0336472988128662,1.3581938743591309,20.184730529785156,0.08536916971206665,25.296030044555664,0.08536916971206665
705,A,rec2,1.0042338371276855,1.093353033065796,16.250341415405273,0.18515977263450623,32.05345153808594,0.06742371618747711
705,B,orig,0.9631599187850952,0.8789210319519043,138.13080360867912,0.0,0.0,0.0
705,B,rec1,0.96622633934021,0.8615321516990662,27.127330780029297,0.2462228387594223,30.82528305053711,0.2462228387594223
705,B,rec2,0.9418708682060242,0.8445237278938293,25.01429557800293,0.4138377606868744,40.31162643432617,0.19082996249198914
709,A,orig,1.266471028327942,1.9861631393432617,138.13080360867912,0.0,0.0,0.0
709,A,rec1,1.182405948638916,1.2707089185714722,19.896495819091797,0.1952820122241974,21.007097244262695,0.1952820122241974
709,A,rec2,0.9850903153419495,1.1311858892440796,18.681655883789062,0.29238080978393555,31.609926223754883,0.13937100768089294
709,B,orig,0.8722299933433533,7.624952793121338,138.13080360867912,0.0,0.0,0.0
709,B,rec1,0.7614996433258057,0.8236241340637207,21.873685836791992,0.22244149446487427,41.23009490966797,0.22244149446487427
709,B,rec2,0.857379674911499,0.830675482749939,19.974790573120117,0.3463589549064636,50.74729537963867,0.13736486434936523
718,A,orig,0.8418441414833069,0.8929041028022766,138.13080360867912,0.0,0.0,0.0
718,A,rec1,0.8477608561515808,0.9465211629867554,25.504737854003906,0.0763581395149231,33.9665412902832,0.0763581395149231
718,A,rec2,0.8415030837059021,0.9259165525436401,23.00107765197754,0.13081011176109314,47.121524810791016,0.05119039863348007
718,B,orig,1.0307471752166748,0.6914958953857422,138.13080360867912,0.0,0.0,0.0
718,B,rec1,1.1102298498153687,0.6949647665023804,23.335783004760742,0.2583618760108948,23.081796646118164,0.2583618760108948
718,B,rec2,0.9915323853492737,0.7120957970619202,22.162487030029297,0.3629075884819031,35.293601989746094,0.14313317835330963
724,A,orig,1.3258851766586304,0.7753856778144836,138.13080360867912,0.0,0.0,0.0
724,A,rec1,1.1874198913574219,0.781356930732727,28.75820541381836,0.1750200390815735,33.8699836730957,0.1750200390815735
724,A,rec2,0.9645199775695801,0.7797290086746216,28.492773056030273,0.3336479365825653,41.825008392333984,0.1200147271156311
724,B,orig,0.8956601619720459,0.8596841096878052,138.13080360867912,0.0,0.0,0.0
724,B,rec1,1.0631834268569946,0.9154841899871826,23.95825958251953,0.21788813173770905,34.2195930480957,0.21788813173770905
724,B,rec2,1.0114660263061523,0.8655827641487122,24.433317184448242,0.32319557666778564,46.477787017822266,0.0998690128326416
725,A,orig,1.138601303100586,0.9524696469306946,138.13080360867912,0.0,0.0,0.0
725,A,rec1,1.1549087762832642,0.8747329115867615,26.206226348876953,0.1512492597103119,32.33041763305664,0.1512492597103119
725,A,rec2,1.0203070640563965,0.8430570363998413,26.40121078491211,0.25434955954551697,39.10605239868164,0.11069123446941376
725,B,orig,1.145349383354187,1.612741470336914,138.13080360867912,0.0,0.0,0.0
725,B,rec1,1.016743540763855,1.0855735540390015,19.515886306762695,0.19358766078948975,32.25388717651367,0.19358766078948975
725,B,rec2,0.8567184805870056,1.0064303874969482,18.318876266479492,0.25943565368652344,45.626678466796875,0.09561669826507568
737,A,orig,1.911352276802063,1.5860463380813599,138.13080360867912,0.0,0.0,0.0
737,A,rec1,1.1753365993499756,0.8897622227668762,18.269847869873047,0.29425495862960815,60.00230026245117,0.29425495862960815
737,A,rec2,0.9703787565231323,0.8513180613517761,18.568666458129883,0.4866047501564026,61.22674560546875,0.31437379121780396
737,B,orig,0.7873098254203796,1.2521518468856812,138.13080360867912,0.0,0.0,0.0
737,B,rec1,0.757452666759491,1.098878026008606,20.827856063842773,0.14272059500217438,27.343158721923828,0.14272059500217438
737,B,rec2,0.7873425483703613,0.9047591686248779,18.167194366455078,0.271997332572937,40.5003547668457,0.1717720776796341
738,A,orig,1.1091487407684326,0.7307126522064209,138.13080360867912,0.0,0.0,0.0
738,A,rec1,0.9836567640304565,0.7407442331314087,25.49475860595703,0.1475844532251358,38.09800720214844,0.1475844532251358
738,A,rec2,0.9724138975143433,0.7484951019287109,23.064876556396484,0.25332751870155334,43.78289794921875,0.09150252491235733
738,B,orig,1.0522136688232422,0.8748997449874878,138.13080360867912,0.0,0.0,0.0
738,B,rec1,0.9397345781326294,0.8973444104194641,35.14143371582031,0.18162883818149567,36.713714599609375,0.18162883818149567
738,B,rec2,0.865924060344696,0.8445754647254944,32.897281646728516,0.28361383080482483,48.81486129760742,0.07826825976371765
742,A,orig,1.0318037271499634,1.0684157609939575,138.13080360867912,0.0,0.0,0.0
742,A,rec1,1.1053019762039185,0.8733363151550293,31.299312591552734,0.20234903693199158,51.268959045410156,0.20234903693199158
742,A,rec2,1.0812026262283325,0.8569918870925903,30.365802764892578,0.38691675662994385,61.15423583984375,0.1274687945842743
742,B,orig,0.9667419791221619,0.9422289133071899,138.13080360867912,0.0,0.0,0.0
742,B,rec1,1.0136981010437012,1.0643370151519775,29.583236694335938,0.2791270315647125,30.29811668395996,0.2791270315647125
742,B,rec2,1.0181525945663452,0.9893628358840942,28.904163360595703,0.4683573246002197,43.231178283691406,0.19802352786064148
759,A,orig,1.1266475915908813,1.0702080726623535,138.13080360867912,0.0,0.0,0.0
759,A,rec1,0.9177281856536865,0.8039671182632446,24.094675064086914,0.23483705520629883,42.5294303894043,0.23483705520629883
759,A,rec2,0.9125198721885681,0.8055450320243835,22.88881492614746,0.35550400614738464,46.780643463134766,0.17659291625022888
759,B,orig,0.9911277294158936,1.0123203992843628,138.13080360867912,0.0,0.0,0.0
759,B,rec1,0.9901666045188904,0.9331640005111694,14.57126522064209,0.2085348516702652,32.438114166259766,0.2085348516702652
759,B,rec2,0.9609487056732178,0.8477660417556763,13.810638427734375,0.3105917274951935,42.745941162109375,0.13852559030056
770,A,orig,0.8110909461975098,0.7470607161521912,138.13080360867912,0.0,0.0,0.0
770,A,rec1,1.012962818145752,0.8058841228485107,23.121971130371094,0.2056281566619873,56.91748809814453,0.2056281566619873
770,A,rec2,1.021559715270996,0.8149434924125671,20.31745719909668,0.3009963631629944,58.18328857421875,0.06521842628717422
770,B,orig,0.7350599765777588,1.074833631515503,138.13080360867912,0.0,0.0,0.0
770,B,rec1,0.8948417901992798,0.820338785648346,25.2373104095459,0.190813347697258,37.24431610107422,0.190813347697258
770,B,rec2,0.9414117336273193,0.7489070296287537,23.558361053466797,0.31174662709236145,55.574485778808594,0.11479297280311584
774,A,orig,1.0694713592529297,0.8150278925895691,138.13080360867912,0.0,0.0,0.0
774,A,rec1,0.9681881666183472,0.8340609669685364,23.878459930419922,0.1968957781791687,46.842594146728516,0.1968957781791687
774,A,rec2,0.953285813331604,0.8418360948562622,23.186702728271484,0.2845841646194458,52.9426155090332,0.09959832578897476
774,B,orig,0.9510547518730164,0.7796359062194824,138.13080360867912,0.0,0.0,0.0
774,B,rec1,0.9281325340270996,0.7543895244598389,22.068845748901367,0.23818372189998627,43.6951789855957,0.23818372189998627
774,B,rec2,0.8892356157302856,0.7657697200775146,19.654930114746094,0.3737327456474304,56.96384811401367,0.1401365101337433
783,A,orig,1.172621250152588,1.1681829690933228,138.13080360867912,0.0,0.0,0.0
783,A,rec1,0.9297314286231995,1.009277105331421,23.438480377197266,0.21639394760131836,31.651182174682617,0.21639394760131836
783,A,rec2,0.9049386978149414,0.8929325342178345,22.284931182861328,0.3873385190963745,37.9937629699707,0.17128214240074158
783,B,orig,1.035588264465332,1.3227159976959229,138.13080360867912,0.0,0.0,0.0
783,B,rec1,1.1003193855285645,1.013704538345337,29.136049270629883,0.31405216455459595,41.04304122924805,0.31405216455459595
783,B,rec2,1.0968568325042725,0.9163935780525208,26.56064224243164,0.45869913697242737,40.09309005737305,0.15072530508041382
785,A,orig,0.9217058420181274,1.3242617845535278,138.13080360867912,0.0,0.0,0.0
785,A,rec1,0.8995665311813354,0.8732790946960449,16.776124954223633,0.14848658442497253,45.8009147644043,0.14848658442497253
785,A,rec2,0.9101124405860901,0.7723498940467834,14.963504791259766,0.22826938331127167,57.86621856689453,0.10796297341585159
785,B,orig,0.846882164478302,1.2458291053771973,138.13080360867912,0.0,0.0,0.0
785,B,rec1,0.9075410962104797,0.9521051049232483,20.480554580688477,0.2394222766160965,39.787803649902344,0.2394222766160965
785,B,rec2,0.8960340619087219,0.8125873804092407,20.084646224975586,0.38290295004844666,51.98048782348633,0.23034051060676575
786,A,orig,0.9211302995681763,1.4036625623703003,138.13080360867912,0.0,0.0,0.0
786,A,rec1,1.0423296689987183,1.4040632247924805,27.133560180664062,0.12747818231582642,23.5186767578125,0.12747818231582642
786,A,rec2,1.111183524131775,1.1316198110580444,24.90633773803711,0.22655844688415527,36.33707046508789,0.09172536432743073
786,B,orig,0.9745876789093018,1.1286957263946533,138.13080360867912,0.0,0.0,0.0
786,B,rec1,0.9245400428771973,0.9161577820777893,21.52880859375,0.1318672001361847,32.38969421386719,0.1318672001361847
786,B,rec2,0.9428836107254028,0.8652631044387817,19.32823371887207,0.21407945454120636,41.10234832763672,0.09497010707855225
789,A,orig,1.0183149576187134,0.8776045441627502,138.13080360867912,0.0,0.0,0.0
789,A,rec1,1.0080152750015259,0.8755995035171509,19.42802619934082,0.17260771989822388,37.94414520263672,0.17260771989822388
789,A,rec2,0.9731348752975464,0.8548968434333801,18.102985382080078,0.2622774839401245,50.140777587890625,0.13015307486057281
789,B,orig,1.254449725151062,1.3758740425109863,138.13080360867912,0.0,0.0,0.0
789,B,rec1,1.2277933359146118,1.0501492023468018,24.90692138671875,0.23711571097373962,30.829395294189453,0.23711571097373962
789,B,rec2,0.9888697266578674,0.9077171087265015,24.326595306396484,0.3526081144809723,48.43669891357422,0.14602617919445038
794,A,orig,0.7857891321182251,0.7980713248252869,138.13080360867912,0.0,0.0,0.0
794,A,rec1,0.833855926990509,0.8428817391395569,17.02170753479004,0.24696184694766998,45.8137321472168,0.24696184694766998
794,A,rec2,0.8659849762916565,0.8792650103569031,15.090178489685059,0.3513987362384796,56.01887130737305,0.17598757147789001
794,B,orig,0.827465832233429,1.0205579996109009,138.13080360867912,0.0,0.0,0.0
794,B,rec1,0.9602949619293213,0.8662503361701965,16.116973876953125,0.193193256855011,43.43747329711914,0.193193256855011
794,B,rec2,0.8054564595222473,0.8367542624473572,14.723148345947266,0.28137367963790894,45.96041488647461,0.1463358998298645
801,A,orig,0.8648972511291504,1.0771459341049194,138.13080360867912,0.0,0.0,0.0
801,A,rec1,0.8149253726005554,1.0316441059112549,19.077735900878906,0.23256802558898926,24.657915115356445,0.23256802558898926
801,A,rec2,0.8312197327613831,1.009813666343689,17.98186683654785,0.3390984833240509,30.07376480102539,0.14133670926094055
801,B,orig,0.9118669629096985,0.9350360631942749,138.13080360867912,0.0,0.0,0.0
801,B,rec1,0.9767897725105286,0.803871750831604,25.700618743896484,0.25313669443130493,45.3990364074707,0.25313669443130493
801,B,rec2,0.9321977496147156,0.7962433099746704,24.558467864990234,0.34492743015289307,49.40510940551758,0.12870658934116364
805,A,orig,0.8723158836364746,0.729900598526001,138.13080360867912,0.0,0.0,0.0
805,A,rec1,0.8472950458526611,0.7580409646034241,19.954023361206055,0.17295622825622559,40.24875259399414,0.17295622825622559
805,A,rec2,0.8167152404785156,0.770216166973114,19.24967384338379,0.2537791430950165,46.2322883605957,0.11607886850833893
805,B,orig,0.7408619523048401,0.898830771446228,138.13080360867912,0.0,0.0,0.0
805,B,rec1,0.7368369698524475,0.940453827381134,25.504650115966797,0.11963749676942825,22.96009063720703,0.11963749676942825
805,B,rec2,0.6800368428230286,0.9509317278862,23.282136917114258,0.275981605052948,36.582496643066406,0.13709397614002228
807,A,orig,0.9923339486122131,6.886128902435303,138.13080360867912,0.0,0.0,0.0
807,A,rec1,1.0263609886169434,1.4545962810516357,31.184425354003906,0.14712564647197723,25.436298370361328,0.14712564647197723
807,A,rec2,0.9609294533729553,1.08720862865448,29.72388458251953,0.26274803280830383,34.92617416381836,0.12552882730960846
807,B,orig,1.0069496631622314,1.2797465324401855,138.13080360867912,0.0,0.0,0.0
807,B,rec1,1.0516971349716187,1.002413034439087,22.6173038482666,0.14625395834445953,41.55661392211914,0.14625395834445953
807,B,rec2,0.9687633514404297,0.8908874988555908,20.898914337158203,0.24963325262069702,47.385494232177734,0.11409824341535568
813,A,orig,0.9970191717147827,0.8514368534088135,138.13080360867912,0.0,0.0,0.0
813,A,rec1,0.9621154069900513,0.7762834429740906,23.49237823486328,0.2717040181159973,47.631797790527344,0.2717040181159973
813,A,rec2,0.9301881194114685,0.7387032508850098,21.206628799438477,0.4662519097328186,56.63733673095703,0.3199664056301117
813,B,orig,0.9028030037879944,0.8256530165672302,138.13080360867912,0.0,0.0,0.0
813,B,rec1,0.9686160087585449,0.7940670251846313,22.08962631225586,0.11994621902704239,35.25886917114258,0.11994621902704239
813,B,rec2,0.9709211587905884,0.795076310634613,19.823373794555664,0.19682051241397858,46.92344665527344,0.0705043226480484
816,A,orig,0.8128221035003662,7.900876522064209,138.13080360867912,0.0,0.0,0.0
816,A,rec1,0.7263336181640625,0.8913296461105347,22.12347412109375,0.13776230812072754,45.04941940307617,0.13776230812072754
816,A,rec2,0.7692708373069763,0.8349233865737915,19.388643264770508,0.22697141766548157,48.482295989990234,0.06308683753013611
816,B,orig,1.0108674764633179,1.104966402053833,138.13080360867912,0.0,0.0,0.0
816,B,rec1,0.9679090976715088,0.8217386603355408,16.012773513793945,0.311865895986557,45.680538177490234,0.311865895986557
816,B,rec2,0.935977578163147,0.7795225381851196,15.4454984664917,0.4320337176322937,52.42430114746094,0.23571327328681946
817,A,orig,1.0586671829223633,1.0197569131851196,138.13080360867912,0.0,0.0,0.0
817,A,rec1,0.9782039523124695,0.9867956638336182,34.81041717529297,0.2442096471786499,26.82491111755371,0.2442096471786499
817,A,rec2,1.0051227807998657,0.900779664516449,33.12931442260742,0.4122239947319031,43.98042678833008,0.16019310057163239
817,B,orig,8.775019645690918,1.374959111213684,138.13080360867912,0.0,0.0,0.0
817,B,rec1,1.1029853820800781,0.8758715391159058,14.351911544799805,0.14692988991737366,42.74610900878906,0.14692988991737366
817,B,rec2,1.0382801294326782,0.8116192817687988,13.419648170471191,0.22165410220623016,47.5590705871582,0.11162665486335754
821,A,orig,1.6100234985351562,0.9823818206787109,138.13080360867912,0.0,0.0,0.0
821,A,rec1,1.4982433319091797,0.9482699632644653,26.84485626220703,0.18210840225219727,25.627527236938477,0.18210840225219727
821,A,rec2,1.3994479179382324,0.9382132291793823,26.837806701660156,0.24769258499145508,45.28134536743164,0.09076967090368271
821,B,orig,1.0337234735488892,0.7652131915092468,138.13080360867912,0.0,0.0,0.0
821,B,rec1,1.0992769002914429,0.7921950221061707,27.444011688232422,0.19359825551509857,27.73589324951172,0.19359825551509857
821,B,rec2,1.0504698753356934,0.8315504789352417,25.045185089111328,0.3253077268600464,44.39868927001953,0.12183487415313721
829,A,orig,0.8425987958908081,0.6785880327224731,138.13080360867912,0.0,0.0,0.0
829,A,rec1,0.8723270893096924,0.723127007484436,25.856510162353516,0.16539883613586426,29.793956756591797,0.16539883613586426
829,A,rec2,0.9328718185424805,0.7556034326553345,24.326536178588867,0.2669419050216675,49.023948669433594,0.12386283278465271
829,B,orig,0.8703249096870422,0.7510785460472107,138.13080360867912,0.0,0.0,0.0
829,B,rec1,0.9221867322921753,0.7889507412910461,26.352516174316406,0.17820292711257935,33.6474609375,0.17820292711257935
829,B,rec2,0.9354567527770996,0.7974783778190613,24.491008758544922,0.28035011887550354,35.63331985473633,0.10234259814023972
834,A,orig,1.3214688301086426,1.0803101062774658,138.13080360867912,0.0,0.0,0.0
834,A,rec1,1.0399936437606812,1.0643947124481201,24.29071617126465,0.24964375793933868,31.70780372619629,0.24964375793933868
834,A,rec2,0.9866124391555786,0.9711560606956482,23.71242904663086,0.4377964735031128,43.320064544677734,0.19889618456363678
834,B,orig,0.9591778516769409,0.9025670886039734,138.13080360867912,0.0,0.0,0.0
834,B,rec1,0.9785129427909851,0.8366420865058899,17.93921661376953,0.09365834295749664,36.4686279296875,0.09365834295749664
834,B,rec2,0.9665508270263672,0.8209493160247803,18.669822692871094,0.19294753670692444,38.36056137084961,0.10555952042341232
835,A,orig,1.2208888530731201,1.1232174634933472,138.13080360867912,0.0,0.0,0.0
835,A,rec1,0.8494489789009094,0.9716270565986633,20.48214340209961,0.42431238293647766,51.43571853637695,0.42431238293647766
835,A,rec2,0.9136700630187988,0.9144403338432312,20.908002853393555,0.6067388653755188,54.34615707397461,0.2845393419265747
835,B,orig,0.8163203597068787,1.0672224760055542,138.13080360867912,0.0,0.0,0.0
835,B,rec1,0.8715651035308838,0.9452516436576843,16.822872161865234,0.19984570145606995,38.41729736328125,0.19984570145606995
835,B,rec2,0.8702257871627808,0.8625763654708862,15.781524658203125,0.31628358364105225,47.47758865356445,0.16359195113182068
836,A,orig,1.0071916580200195,0.9886749386787415,138.13080360867912,0.0,0.0,0.0
836,A,rec1,1.0856157541275024,1.071933627128601,19.850505828857422,0.17241442203521729,30.26191520690918,0.17241442203521729
836,A,rec2,1.1024717092514038,1.00344717502594,17.841148376464844,0.24613624811172485,40.196197509765625,0.07424803823232651
836,B,orig,0.8665603399276733,0.7254037857055664,138.13080360867912,0.0,0.0,0.0
836,B,rec1,0.8928242325782776,0.7477629780769348,22.613603591918945,0.19644500315189362,33.26736068725586,0.19644500315189362
836,B,rec2,0.9547126889228821,0.774948239326477,21.84371566772461,0.36282190680503845,34.89118194580078,0.17625188827514648
838,A,orig,1.237971305847168,1.5680614709854126,138.13080360867912,0.0,0.0,0.0
838,A,rec1,1.0236859321594238,0.8687127828598022,16.63261604309082,0.3370214104652405,52.33519744873047,0.3370214104652405
838,A,rec2,1.0114164352416992,0.866633415222168,16.498252868652344,0.3605065643787384,53.34575271606445,0.14123180508613586
838,B,orig,1.0357978343963623,0.7347152829170227,138.13080360867912,0.0,0.0,0.0
838,B,rec1,0.9796057939529419,0.7905945181846619,26.02773666381836,0.15483269095420837,50.36716079711914,0.15483269095420837
838,B,rec2,1.0109866857528687,0.7657848596572876,23.40278434753418,0.2550499737262726,52.23958969116211,0.09307987987995148
841,A,orig,1.237971305847168,1.5680614709854126,138.13080360867912,0.0,0.0,0.0
841,A,rec1,1.0236859321594238,0.8687127828598022,16.63261604309082,0.3370214104652405,52.33519744873047,0.3370214104652405
841,A,rec2,1.0114164352416992,0.866633415222168,16.498252868652344,0.3605065643787384,53.34575271606445,0.14123180508613586
841,B,orig,1.1613765954971313,1.3981248140335083,138.13080360867912,0.0,0.0,0.0
841,B,rec1,1.0550901889801025,1.0798989534378052,17.012653350830078,0.19680912792682648,27.837589263916016,0.19680912792682648
841,B,rec2,1.1156705617904663,1.040992021560669,15.662455558776855,0.25938406586647034,33.765506744384766,0.11075880378484726
858,A,orig,1.0219444036483765,0.8951398730278015,138.13080360867912,0.0,0.0,0.0
858,A,rec1,1.1685211658477783,0.8747805953025818,21.936187744140625,0.3021122217178345,40.54764938354492,0.3021122217178345
858,A,rec2,0.9424872398376465,0.8572379946708679,21.033937454223633,0.44013017416000366,50.2009162902832,0.20738768577575684
858,B,orig,0.9510547518730164,0.7796359062194824,138.13080360867912,0.0,0.0,0.0
858,B,rec1,0.9281325340270996,0.7543895244598389,22.068845748901367,0.23818372189998627,43.6951789855957,0.23818372189998627
858,B,rec2,0.8892356157302856,0.7657697200775146,19.654930114746094,0.3737327456474304,56.96384811401367,0.1401365101337433
869,A,orig,1.040553331375122,0.7567846775054932,138.13080360867912,0.0,0.0,0.0
869,A,rec1,0.9941725134849548,0.8078327775001526,30.320941925048828,0.19927263259887695,40.702720642089844,0.19927263259887695
869,A,rec2,0.9576711058616638,0.7912027835845947,28.202621459960938,0.3080516457557678,43.97496032714844,0.09816940128803253
869,B,orig,0.8856493234634399,0.9499363303184509,138.13080360867912,0.0,0.0,0.0
869,B,rec1,1.0519928932189941,0.9086295366287231,21.93733024597168,0.25123196840286255,25.645902633666992,0.25123196840286255
869,B,rec2,1.0118553638458252,0.89472895860672,20.932512283325195,0.39853328466415405,37.01487350463867,0.21110117435455322
875,A,orig,1.0073120594024658,0.7825537919998169,138.13080360867912,0.0,0.0,0.0
875,A,rec1,0.9071219563484192,0.7748562097549438,20.674102783203125,0.2795836329460144,59.11091613769531,0.2795836329460144
875,A,rec2,0.9492261409759521,0.7782328128814697,19.043827056884766,0.3934469223022461,63.53793716430664,0.16364742815494537
875,B,orig,0.960884690284729,0.9660964608192444,138.13080360867912,0.0,0.0,0.0
875,B,rec1,1.0361536741256714,0.9214681386947632,19.84317970275879,0.2539672553539276,33.004722595214844,0.2539672553539276
875,B,rec2,1.0826506614685059,0.8625467419624329,20.02564239501953,0.4212203025817871,49.5845832824707,0.22433707118034363
910,A,orig,0.6587297320365906,0.8982313871383667,138.13080360867912,0.0,0.0,0.0
910,A,rec1,0.6600996851921082,0.9387893080711365,25.425519943237305,0.2037772834300995,25.55643653869629,0.2037772834300995
910,A,rec2,0.6770839691162109,0.9677004814147949,24.061859130859375,0.30844244360923767,34.7175407409668,0.10039758682250977
910,B,orig,0.8345300555229187,0.6862584352493286,138.13080360867912,0.0,0.0,0.0
910,B,rec1,0.880676805973053,0.7661057114601135,25.659271240234375,0.15125852823257446,34.41209411621094,0.15125852823257446
910,B,rec2,0.8785003423690796,0.8162943124771118,23.241485595703125,0.22900009155273438,43.33253860473633,0.05782250314950943
912,A,orig,1.0768488645553589,0.7941640019416809,138.13080360867912,0.0,0.0,0.0
912,A,rec1,0.9819574952125549,0.8947606086730957,29.20701026916504,0.2589150667190552,34.35854721069336,0.2589150667190552
912,A,rec2,0.9288918972015381,0.8434012532234192,28.825077056884766,0.4527376890182495,51.548126220703125,0.20066669583320618
912,B,orig,0.8220186233520508,1.2565972805023193,138.13080360867912,0.0,0.0,0.0
912,B,rec1,0.7550432085990906,0.9098842144012451,21.76970672607422,0.26654112339019775,42.93672561645508,0.26654112339019775
912,B,rec2,0.9812013506889343,0.8162611126899719,21.3082275390625,0.48526114225387573,57.91560745239258,0.29555201530456543
924,A,orig,1.4025721549987793,0.917191207408905,138.13080360867912,0.0,0.0,0.0
924,A,rec1,0.9985425472259521,0.7953784465789795,19.183759689331055,0.2059972733259201,37.63349151611328,0.2059972733259201
924,A,rec2,0.9577965140342712,0.8165669441223145,18.563940048217773,0.30410757660865784,50.729164123535156,0.15281951427459717
924,B,orig,0.7202851176261902,0.8840743899345398,138.13080360867912,0.0,0.0,0.0
924,B,rec1,0.7810856699943542,0.7471083402633667,22.87327003479004,0.1730305701494217,47.72275924682617,0.1730305701494217
924,B,rec2,0.7804322242736816,0.7529234886169434,20.271623611450195,0.2652738690376282,60.85771942138672,0.12925662100315094
927,A,orig,0.8697947263717651,0.7919777631759644,138.13080360867912,0.0,0.0,0.0
927,A,rec1,0.8799147605895996,0.8415331840515137,22.69019317626953,0.2985690236091614,55.19382858276367,0.2985690236091614
927,A,rec2,1.0197875499725342,0.8157654404640198,19.543424606323242,0.35104790329933167,60.86558532714844,0.09024325013160706
927,B,orig,6.124561309814453,0.8515656590461731,138.13080360867912,0.0,0.0,0.0
927,B,rec1,1.0412318706512451,0.9255276322364807,28.88058090209961,0.29299697279930115,50.671382904052734,0.29299697279930115
927,B,rec2,1.0478042364120483,0.8762767910957336,27.549415588378906,0.4829338788986206,58.790313720703125,0.22270567715168
933,A,orig,0.9836307764053345,0.9302452206611633,138.13080360867912,0.0,0.0,0.0
933,A,rec1,0.8358622789382935,0.7508211135864258,20.362232208251953,0.2637699544429779,49.581146240234375,0.2637699544429779
933,A,rec2,0.8153831362724304,0.7354851961135864,18.17391014099121,0.3835894465446472,57.05704879760742,0.16488304734230042
933,B,orig,0.7131820321083069,0.7188816666603088,138.13080360867912,0.0,0.0,0.0
933,B,rec1,0.9137908816337585,0.8007810711860657,24.14706802368164,0.2868454158306122,47.72335433959961,0.2868454158306122
933,B,rec2,0.9353175759315491,0.7948761582374573,23.1005859375,0.4788016974925995,52.54169845581055,0.23940548300743103
936,A,orig,1.2413382530212402,1.3638319969177246,138.13080360867912,0.0,0.0,0.0
936,A,rec1,1.1278096437454224,1.0887426137924194,18.58997917175293,0.09958741068840027,24.301799774169922,0.09958741068840027
936,A,rec2,0.9953781366348267,0.8948999047279358,17.527301788330078,0.15835033357143402,41.61653137207031,0.0719045028090477
936,B,orig,3.9703640937805176,0.8077616095542908,138.13080360867912,0.0,0.0,0.0
936,B,rec1,1.223410964012146,0.9317050576210022,23.319183349609375,0.27164873480796814,33.22616195678711,0.27164873480796814
936,B,rec2,0.9686554670333862,0.8231476545333862,22.67022705078125,0.3972266912460327,47.65773010253906,0.19047985970973969
937,A,orig,1.0132548809051514,1.0647492408752441,138.13080360867912,0.0,0.0,0.0
937,A,rec1,0.888016402721405,0.8042822480201721,16.026796340942383,0.21305078268051147,50.19325256347656,0.21305078268051147
937,A,rec2,0.8902344703674316,0.8195015788078308,16.48134994506836,0.32731080055236816,51.03342819213867,0.13943834602832794
937,B,orig,1.0282195806503296,0.8944786787033081,138.13080360867912,0.0,0.0,0.0
937,B,rec1,0.9784066677093506,0.810920238494873,19.10361671447754,0.12377181649208069,36.37553024291992,0.12377181649208069
937,B,rec2,0.9119520783424377,0.8163301348686218,16.98345947265625,0.19269892573356628,40.40742492675781,0.0793786346912384
938,A,orig,0.959899365901947,0.7654291391372681,138.13080360867912,0.0,0.0,0.0
938,A,rec1,0.8225908875465393,0.7779580354690552,19.168731689453125,0.12194114923477173,46.05950164794922,0.12194114923477173
938,A,rec2,0.8984119296073914,0.7927179336547852,19.220373153686523,0.21808910369873047,52.360595703125,0.0719037875533104
938,B,orig,0.9651082158088684,8.299956321716309,138.13080360867912,0.0,0.0,0.0
938,B,rec1,0.9764101505279541,1.7916052341461182,23.12006187438965,0.10170239955186844,20.7957763671875,0.10170239955186844
938,B,rec2,0.9350028038024902,1.3307818174362183,21.21902847290039,0.1560095250606537,28.73001480102539,0.05742800980806351
940,A,orig,1.2328565120697021,1.3272606134414673,138.13080360867912,0.0,0.0,0.0
940,A,rec1,0.9433605670928955,0.9402936100959778,13.353731155395508,0.26390349864959717,31.687332153320312,0.26390349864959717
940,A,rec2,0.9578708410263062,0.8736933469772339,13.45207691192627,0.3504347503185272,41.09357833862305,0.18834419548511505
940,B,orig,1.2849122285842896,1.3321340084075928,138.13080360867912,0.0,0.0,0.0
940,B,rec1,0.9681574106216431,1.046596884727478,13.779851913452148,0.19059057533740997,33.222774505615234,0.19059057533740997
940,B,rec2,0.9823839664459229,0.9938732385635376,13.670743942260742,0.24224799871444702,37.28192138671875,0.10786658525466919
943,A,orig,0.9556788206100464,0.9913192391395569,138.13080360867912,0.0,0.0,0.0
943,A,rec1,0.933950662612915,0.8315325975418091,25.209041595458984,0.28681331872940063,56.80910873413086,0.28681331872940063
943,A,rec2,0.9528316259384155,0.7900513410568237,24.291576385498047,0.40878888964653015,56.89970779418945,0.16228219866752625
943,B,orig,1.1002522706985474,1.1194472312927246,138.13080360867912,0.0,0.0,0.0
943,B,rec1,1.1156340837478638,1.0871633291244507,18.44285774230957,0.07471435517072678,30.129446029663086,0.07471435517072678
943,B,rec2,1.0869216918945312,0.9536654353141785,15.745647430419922,0.12669682502746582,41.157047271728516,0.06009800732135773
945,A,orig,0.9545826315879822,0.780086874961853,138.13080360867912,0.0,0.0,0.0
945,A,rec1,0.8809065222740173,0.7833744883537292,24.328350067138672,0.20447491109371185,43.04737091064453,0.20447491109371185
945,A,rec2,0.8789839744567871,0.7747745513916016,21.564176559448242,0.3304937183856964,58.702877044677734,0.1202741414308548
945,B,orig,0.9046382904052734,1.2161256074905396,138.13080360867912,0.0,0.0,0.0
945,B,rec1,0.8983115553855896,1.0721253156661987,24.055166244506836,0.08963640034198761,24.898775100708008,0.08963640034198761
945,B,rec2,0.9420218467712402,1.0204709768295288,22.061708450317383,0.14943933486938477,31.620935440063477,0.06378797441720963
947,A,orig,0.8499569296836853,1.0181976556777954,138.13080360867912,0.0,0.0,0.0
947,A,rec1,0.8636111617088318,0.9667932391166687,19.401079177856445,0.06912443786859512,25.831588745117188,0.06912443786859512
947,A,rec2,0.8581393361091614,0.9114474058151245,16.553287506103516,0.1227581650018692,36.084110260009766,0.04052766412496567
947,B,orig,0.9062947034835815,0.9587522745132446,138.13080360867912,0.0,0.0,0.0
947,B,rec1,0.733474850654602,0.8752148151397705,18.304969787597656,0.22796325385570526,42.790672302246094,0.22796325385570526
947,B,rec2,0.9012754559516907,0.7961456775665283,18.106788635253906,0.3619755208492279,49.96296310424805,0.21226263046264648
953,A,orig,1.2104029655456543,1.0342864990234375,138.13080360867912,0.0,0.0,0.0
953,A,rec1,1.13590407371521,1.1387076377868652,29.276445388793945,0.23506176471710205,30.636489868164062,0.23506176471710205
953,A,rec2,1.1277819871902466,0.9638774394989014,29.19877052307129,0.4166375994682312,41.955528259277344,0.16169971227645874
953,B,orig,0.8850734233856201,0.9051942825317383,138.13080360867912,0.0,0.0,0.0
953,B,rec1,0.8993919491767883,0.8326128721237183,18.452125549316406,0.24004431068897247,47.019718170166016,0.24004431068897247
953,B,rec2,0.8962624669075012,0.8653049468994141,17.191570281982422,0.34572890400886536,57.63853454589844,0.16959214210510254
958,A,orig,1.0535223484039307,0.7047281265258789,138.13080360867912,0.0,0.0,0.0
958,A,rec1,1.029388189315796,0.7153438329696655,19.18942642211914,0.23609760403633118,31.513914108276367,0.23609760403633118
958,A,rec2,1.0663611888885498,0.717223048210144,17.60413360595703,0.34259510040283203,41.54132080078125,0.15128539502620697
958,B,orig,0.860702395439148,1.4001919031143188,138.13080360867912,0.0,0.0,0.0
958,B,rec1,0.9703787565231323,0.928338348865509,30.997772216796875,0.14847543835639954,45.66810989379883,0.14847543835639954
958,B,rec2,0.8887925744056702,0.8783363699913025,28.698490142822266,0.243258997797966,53.87850570678711,0.10771015286445618
972,A,orig,1.1216793060302734,1.3118746280670166,138.13080360867912,0.0,0.0,0.0
972,A,rec1,0.9930164813995361,0.9044435024261475,17.072206497192383,0.10313673317432404,40.017086029052734,0.10313673317432404
972,A,rec2,0.9479641318321228,0.8782168626785278,16.43463706970215,0.11404715478420258,46.70952224731445,0.047994356602430344
972,B,orig,1.0633447170257568,0.6913319230079651,138.13080360867912,0.0,0.0,0.0
972,B,rec1,1.0895805358886719,0.7186785936355591,19.294422149658203,0.2073219120502472,40.457279205322266,0.2073219120502472
972,B,rec2,1.0200401544570923,0.7018065452575684,17.478843688964844,0.31470203399658203,56.69948959350586,0.15443314611911774
975,A,orig,0.8248472213745117,0.8998352289199829,138.13080360867912,0.0,0.0,0.0
975,A,rec1,0.7612993121147156,0.8959167003631592,18.65353775024414,0.16632187366485596,35.24919128417969,0.16632187366485596
975,A,rec2,0.7666750550270081,0.8383039236068726,14.469385147094727,0.3829573094844818,42.80402755737305,0.25513461232185364
975,B,orig,0.9023058414459229,1.1548960208892822,138.13080360867912,0.0,0.0,0.0
975,B,rec1,0.9707325100898743,0.9794173836708069,17.445903778076172,0.13098333775997162,34.32554626464844,0.13098333775997162
975,B,rec2,0.9767040014266968,0.895734965801239,15.715156555175781,0.19841668009757996,46.23006820678711,0.1029333844780922
992,A,orig,6.761805534362793,4.322575569152832,138.13080360867912,0.0,0.0,0.0
992,A,rec1,0.8691592216491699,0.7935701608657837,26.407115936279297,0.26613208651542664,45.56671142578125,0.26613208651542664
992,A,rec2,0.9653492569923401,0.8027595281600952,24.403133392333984,0.3805517256259918,53.23615264892578,0.11618079245090485
992,B,orig,1.0835577249526978,1.1716926097869873,138.13080360867912,0.0,0.0,0.0
992,B,rec1,0.9511943459510803,1.2319345474243164,30.664613723754883,0.25147223472595215,30.068166732788086,0.25147223472595215
992,B,rec2,0.920001745223999,0.913739800453186,29.415267944335938,0.4326060712337494,43.170127868652344,0.20879380404949188
994,A,orig,0.9820741415023804,0.9282723665237427,138.13080360867912,0.0,0.0,0.0
994,A,rec1,1.0455032587051392,0.8488150238990784,19.760887145996094,0.23365473747253418,33.24244689941406,0.23365473747253418
994,A,rec2,0.927596926689148,0.8887465596199036,19.000961303710938,0.30849188566207886,31.541383743286133,0.14220978319644928
994,B,orig,1.094959020614624,1.2138789892196655,138.13080360867912,0.0,0.0,0.0
994,B,rec1,1.0063896179199219,0.9352843761444092,25.98930549621582,0.1921735256910324,30.355972290039062,0.1921735256910324
994,B,rec2,0.9048202037811279,0.8105090856552124,23.932205200195312,0.33016955852508545,45.730735778808594,0.14580827951431274
