k,series,prompt_id,quality,input_order,produced_in,dispatched_utc,latency_seconds,attempts,input_tokens,output_tokens,output_sha256
0006,S1,P2_SOURCE_LAYOUT,high,AB,full_run,2026-09-02T05:45:28.985Z,41.422077,1,8965,4469,2ad2f70fc0b41900fd18885b267badef8d76beddcdaf379aa0b7c83a33fa2acc
0009,S1,P2_SOURCE_LAYOUT,high,AB,full_run,2026-09-02T05:46:47.560Z,35.852974,1,8965,4430,f1b96e4df12555c245745d68ae002c8f68e2a5e2bccdaa6250163bef5e80b76b
0017,S1,P2_SOURCE_LAYOUT,high,AB,full_run,2026-09-02T05:48:00.984Z,40.219134,1,8965,4492,40391ce3249a7b1b647c7221923ce4b04f6ddbd8b5b927991323e41f02040864
0022,S1,P2_SOURCE_LAYOUT,high,AB,full_run,2026-09-02T05:49:19.115Z,34.074613,1,8965,4481,ac1d3018c0b03e8737429ffaefff0dd572aff63ba3e78121a79c938a377da73d
0053,S1,P2_SOURCE_LAYOUT,high,AB,full_run,2026-09-02T05:50:31.809Z,35.468467,1,8965,4463,b51e08144152d07d7a06b0ff485f331827de70d4524e3fba94362f853e75016d
0068,S1,P2_SOURCE_LAYOUT,high,AB,full_run,2026-09-02T05:51:44.430Z,34.393869,1,8965,4467,9bcb9457dd3b51a98e05dbcb31cb0767f1d3105ec475ffdd2e3ee50e50980d71
0069,S1,P2_SOURCE_LAYOUT,high,AB,full_run,2026-09-02T05:52:52.417Z,42.168799,1,8965,4508,e74857fe4a32809f1337a1d266525fe5d5a9f15f85797f4e375ca71b0f4ed92d
0091,S1,P2_SOURCE_LAYOUT,high,AB,full_run,2026-09-02T05:54:15.420Z,39.566673,1,8965,4407,1b2895da692d75e04396f1e9a05c4db00278e72d69f9c524a6f52b2211e0a653
0099,S1,P2_SOURCE_LAYOUT,high,AB,full_run,2026-09-02T05:55:26.629Z,40.204934,1,8965,4447,e38824c6da99ce5784d7e94a2f79b90579e5610100ff7d3af8c799807149275a
0110,S1,P2_SOURCE_LAYOUT,high,AB,full_run,2026-09-02T05:56:49.473Z,39.399793,1,8965,4508,dced465ef94c76c7a9e4ed0cf4e6546db7390413c32db35e90dd021cf5c50ad4
0140,S1,P2_SOURCE_LAYOUT,high,AB,full_run,2026-09-02T05:58:01.424Z,40.315098,1,8965,4462,d5be9e61b71e89a1670b892a414f877153676a233f109a32d828ac14869fd7b2
0142,S1,P2_SOURCE_LAYOUT,high,AB,full_run,2026-09-02T05:59:22.109Z,34.111798,1,8965,4462,106ca3f69557c7f5a22fac5a041eed502795616b59865368346d34ecc6bbed33
0143,S1,P2_SOURCE_LAYOUT,high,AB,full_run,2026-09-02T06:00:30.450Z,34.823008,1,8965,4451,5601a44902f9211ca88c24b50a6050d1a369c3e35a0c30a105a930c1070162e9
0156,S1,P2_SOURCE_LAYOUT,high,AB,full_run,2026-09-02T06:01:41.738Z,36.82081,1,8965,4471,750a8cc91a9658e66964bf23d6957b1ce080a8654d9f001462d6db588603d6ce
0168,S1,P2_SOURCE_LAYOUT,high,AB,full_run,2026-09-02T06:02:57.036Z,49.868366,1,8965,4466,f4d28906ed7693fb1b181bfd6a1ad0ec512e42ef52d291657ec70ce769ad1d9d
0174,S1,P2_SOURCE_LAYOUT,high,AB,full_run,2026-09-02T06:04:25.286Z,36.185615,1,8965,4462,775250d9732dcf318ab3deb5c255d29c74927a04d9211f53b832040c2e476d3c
0178,S1,P2_SOURCE_LAYOUT,high,AB,full_run,2026-09-02T06:05:38.492Z,37.369911,1,8965,4466,49830a7efabaa2f874dfa54d4f0a99458fbd5f6ef10aaf652670a1504e6d001b
0182,S1,P2_SOURCE_LAYOUT,high,AB,full_run,2026-09-02T06:06:50.969Z,44.877118,1,8965,4434,7f6255e0ef458c5abdef61232911a7dcb0b81777807a43f9aa6b9a065a635dba
0184,S1,P2_SOURCE_LAYOUT,high,AB,full_run,2026-09-02T06:08:15.759Z,36.738842,1,8965,4538,c6394155602828c9d13c4636f5f4ae42f1b87d9eacce223f4ae9e22b46a1b500
0193,S1,P2_SOURCE_LAYOUT,high,AB,full_run,2026-09-02T06:09:31.045Z,37.294205,1,8965,4418,d117b94f911ac54b656905a9c899d8c58ce54660ebe2f6705e9a0d7d2660bd6f
0200,S1,P2_SOURCE_LAYOUT,high,AB,full_run,2026-09-02T06:10:47.938Z,35.680248,1,8965,4456,bfeb163f0bdb124fcd80273f6765959760ab59f8d42f446a367a9afaa5f851a1
0214,S1,P2_SOURCE_LAYOUT,high,AB,full_run,2026-09-02T06:12:01.859Z,38.323236,1,8965,4483,415c8e2ac7b53a2df0539fa3af0ace98f4a67147bf57ab912bf70b43f506efcb
0221,S1,P2_SOURCE_LAYOUT,high,AB,full_run,2026-09-02T06:13:24.317Z,32.036725,1,8965,4471,0221681dad01f83ca99bc8d08cc63962f50d5bf743af1b10c7eca41099798e0d
0230,S1,P2_SOURCE_LAYOUT,high,AB,full_run,2026-09-02T06:14:36.584Z,38.410851,1,8965,4460,d5d5a5fca81d00dafe4b5fc41b14e1dab4cdd60ac0cec9fb7fac8bd16e0a0849
0232,S1,P2_SOURCE_LAYOUT,high,AB,full_run,2026-09-02T06:15:55.000Z,37.373969,1,8965,4448,da6be8326c111a5a977b1feff39510a09a4ed7dad69e32e1631c8dd2a14991db
0238,S1,P2_SOURCE_LAYOUT,high,AB,full_run,2026-09-02T06:17:09.415Z,35.082567,1,8965,4521,d5bc79102cce9a510db848e7b1bc9a0103d6022c09c76ca552660b03a994ae42
0239,S1,P2_SOURCE_LAYOUT,high,AB,full_run,2026-09-02T06:18:16.678Z,34.408656,1,8965,4425,f2346e76212b075eabf0cf69d74343dd3872aca07cf666d08bf79bb4aeda0fdb
0299,S1,P2_SOURCE_LAYOUT,high,AB,full_run,2026-09-02T06:19:31.044Z,38.145017,1,8965,4461,7aec9670ecf363fa62f4299ae229eae0afa0156bda2026249e30a273ec099b7b
0308,S1,P2_SOURCE_LAYOUT,high,AB,full_run,2026-09-02T06:20:48.380Z,38.555572,1,8965,4486,39e0104ba7539c922ad21711ca30b05c07d915a4f8ff369d1ebce781774e7fc7
0315,S1,P2_SOURCE_LAYOUT,high,AB,full_run,2026-09-02T06:22:02.941Z,38.044193,1,8965,4459,35a41ab7d6eb92b77dbd821dc21a926ae78b0fdc631ce7c76838d5c4bedb69c2
0319,S1,P2_SOURCE_LAYOUT,high,AB,full_run,2026-09-02T06:23:17.304Z,36.338396,1,8965,4443,b835c696a08b9e68c55fed85ae2ebb301a816b43134b2229f857a85f7cc94dd3
0323,S1,P2_SOURCE_LAYOUT,high,AB,full_run,2026-09-02T06:24:33.459Z,36.566075,1,8965,4471,6c0f182f27e7802e63f6d19164f07335f0ddcc25f0b2c88c3015916116d3ece3
0339,S1,P2_SOURCE_LAYOUT,high,AB,full_run,2026-09-02T06:25:49.362Z,36.013999,1,8965,4464,0b550db2af77adc855095914366933c4463e189f37306c5461bd5739389556a8
0362,S1,P2_SOURCE_LAYOUT,high,AB,full_run,2026-09-02T06:27:00.765Z,40.863158,1,8965,4404,e45e9cb745a98d0c1c6406b203905d0047a259faa8390a599636263e8fe8309a
0426,S1,P2_SOURCE_LAYOUT,high,AB,full_run,2026-09-02T06:31:33.097Z,45.337093,1,8965,4485,9d557a4e99f45aed606021e190b3f9e7d962ed10cef319a8a0987e531d75f80d
0428,S1,P2_SOURCE_LAYOUT,high,AB,full_run,2026-09-02T06:32:59.817Z,39.223352,1,8965,4369,d39cd55ca9bf93c7252c6966f050437fd79b51d90a32d68572ae4047c0c023ae
0435,S1,P2_SOURCE_LAYOUT,high,AB,full_run,2026-09-02T06:34:18.393Z,41.224369,1,8965,4470,5fee86a1079b25e3fa293fc2156cadfbdef911b9f04fc5edbabfbde7a1f56d32
0445,S1,P2_SOURCE_LAYOUT,high,AB,preview_run_reused,2026-09-01T22:40:46.538Z,35.931485,1,,,c96e72d67a40d343c70ee2b581ef9d317a2b6e8936ed0b552c3c7955c1cb0df9
0451,S1,P2_SOURCE_LAYOUT,high,AB,full_run,2026-09-02T06:35:36.493Z,40.761441,1,8965,4435,14a76d28f66d4cc9733c4803a1657b55c164f1cce76ea6f794b49ab299c9475f
0456,S1,P2_SOURCE_LAYOUT,high,AB,full_run,2026-09-02T06:36:57.856Z,43.84854,1,8965,4498,74af9408e2f771590f2b56dbece4d837f8ed12c20b559e726069fbe0f0e68604
0460,S1,P2_SOURCE_LAYOUT,high,AB,full_run,2026-09-02T06:38:21.975Z,39.565819,1,8965,4454,ca2285bfdeb674c1e760bca81d325687792cfc2a6b359f2630125f61f83120ce
0473,S1,P2_SOURCE_LAYOUT,high,AB,full_run,2026-09-02T06:39:40.321Z,40.76944,1,8965,4478,ba9ede17f35d9132e19af21b25c3b0113ec9b52f8c92718c715921b1fcebd1a6
0475,S1,P2_SOURCE_LAYOUT,high,AB,full_run,2026-09-02T06:41:00.472Z,40.725751,1,8965,4502,9cb5313a271b565a84480f38c3580ddefe3a0583e27d0681c1073278a4ad6415
0479,S1,P2_SOURCE_LAYOUT,high,AB,full_run,2026-09-02T06:42:22.531Z,37.76681,1,8965,4442,e088de9c4a1f2353b468bee3b3ea8eb4f18c7b6e1dca4b41871fb3c6bb22c20b
0489,S1,P2_SOURCE_LAYOUT,high,AB,full_run,2026-09-02T06:43:43.246Z,40.059425,1,8965,4503,c74e3ffd562f632526145541e248b71f8c2d5eb13595e7382bc6775159f8e51a
0499,S1,P2_SOURCE_LAYOUT,high,AB,full_run,2026-09-02T06:45:07.443Z,46.288888,1,8965,4450,deb4e41c32afd65934ed70d98480c6dbf2c8dadd90b515bc1b09bc9760f12c3f
0501,S1,P2_SOURCE_LAYOUT,high,AB,full_run,2026-09-02T06:46:29.813Z,40.092421,1,8965,4510,00d7e7d779c55b8b0f3f58fa280ae2a54954876a18d96b5ceb01f875d7bdba95
0502,S1,P2_SOURCE_LAYOUT,high,AB,full_run,2026-09-02T06:47:53.770Z,44.177139,1,8965,4509,5e60705ba6cba64ba26af16ef82a7cce151057ba7f01a1fa9c5a3786734bfde9
0512,S1,P2_SOURCE_LAYOUT,high,AB,full_run,2026-09-02T06:49:15.951Z,33.440535,1,8965,4493,d955b06399018e4c123854bd5e8a3e63a6f653c98d2fd56f6d7d474dc4e84d2d
0516,S1,P2_SOURCE_LAYOUT,high,AB,full_run,2026-09-02T06:50:24.831Z,39.016502,1,8965,4504,217d67346b1609a6ef68feff6977f6c52b68198a0b5592dede74c2bf69f0d1cd
0520,S1,P2_SOURCE_LAYOUT,high,AB,full_run,2026-09-02T06:51:47.248Z,33.40406,1,8965,4472,6ce6865cd8a46bf1d54001bcac5d3a5aaaf818cd8fd3ac9db21db430d65429cc
0530,S1,P2_SOURCE_LAYOUT,high,AB,full_run,2026-09-02T06:52:59.916Z,36.62928,1,8965,4479,43aa909423f1a1f1f5b9398f6d3eab51e71348b33690b0ae86764f45701a964b
0534,S1,P2_SOURCE_LAYOUT,high,AB,full_run,2026-09-02T06:54:12.778Z,36.135375,1,8965,4467,374804cacf3e7894b2d57aa02251397be82832ed997718b2141de308da8173ff
0536,S1,P2_SOURCE_LAYOUT,high,AB,full_run,2026-09-02T06:55:25.413Z,34.258434,1,8965,4500,b597f5184f5dab3c783442bdf797d2c78fd31fba8b23a142b8d6beaaea496bb9
0549,S1,P2_SOURCE_LAYOUT,high,AB,full_run,2026-09-02T06:56:39.461Z,42.422953,1,8965,4500,424cf4d434e287d77dc178255b6f6924134001b5115b5df497c1a476fd50f3e8
0565,S1,P2_SOURCE_LAYOUT,high,AB,full_run,2026-09-02T06:58:37.425Z,38.349883,1,8965,4476,d079037b959330d289b22ebd48fb32d9e57a771cb58894e5c9d520b82ddccbc2
0568,S1,P2_SOURCE_LAYOUT,high,AB,full_run,2026-09-02T06:59:55.134Z,38.870326,1,8965,4415,db7e5b58236112fc8180835ef5f8b8f54413ad536eeb79dff2cffbad04a23a12
0577,S1,P2_SOURCE_LAYOUT,high,AB,full_run,2026-09-02T07:01:11.725Z,39.067041,1,8965,4467,db01eec71b4969ae0d0976456dafd9955ebbe11f8de6551e10d33d53a897e81d
0591,S1,P2_SOURCE_LAYOUT,high,AB,full_run,2026-09-02T07:02:23.282Z,31.43673,1,8965,4487,207c1b0e73dff98b78aa730704892861cdaf2252c4d0bbc4955123aa3dbfdcc2
0606,S1,P2_SOURCE_LAYOUT,high,AB,full_run,2026-09-02T07:03:34.379Z,38.709984,1,8965,4527,336d261246dffcddfe431803644b588a731726d038d21024ff1da6fd6c484c4e
0618,S1,P2_SOURCE_LAYOUT,high,AB,full_run,2026-09-02T07:04:48.400Z,43.677451,1,8965,4491,1611475e0950c0ac0a3aef68417dea2b8edb4de7ccf227b1ff23bb60f2a2a12c
0626,S1,P2_SOURCE_LAYOUT,high,AB,full_run,2026-09-02T07:06:13.065Z,45.701807,1,8965,4470,1d6b4cfcb42614923373400b4ece74685c1a9885e1438aa537e418ee53ff6718
0652,S1,P2_SOURCE_LAYOUT,high,AB,full_run,2026-09-02T07:07:38.962Z,38.333403,1,8965,4414,3813b9dda9f3b3d091c4b1e7e641db85e8040c2450853e9d88a2c776860ad735
0656,S1,P2_SOURCE_LAYOUT,high,AB,preview_run_reused,2026-09-01T22:43:04.027Z,37.800069,1,,,e5f58a0ba45e999adba57142efc4e1104189e06a05084490995321e400e6a711
0657,S1,P2_SOURCE_LAYOUT,high,AB,full_run,2026-09-02T07:08:55.478Z,40.391825,1,8965,4432,4d2351b9d00d5d0e670a8dc88e85e7d62626bf14382fac10d78f192c81ef3bef
0660,S1,P2_SOURCE_LAYOUT,high,AB,full_run,2026-09-02T07:10:15.589Z,39.915437,1,8965,4473,a69242abe2d66de022fc3289b45b8348a66ea49ecd4be6c2935227b51a942923
0680,S1,P2_SOURCE_LAYOUT,high,AB,full_run,2026-09-02T07:11:52.047Z,38.677275,1,8965,4446,575a97dd5d66141f87d56e4a36612b62d4cf7391e28cfabd5752b59f135b85e1
0687,S1,P2_SOURCE_LAYOUT,high,AB,full_run,2026-09-02T07:13:05.167Z,35.999858,1,8965,4441,5b3280fba293af6ff988b186191101640341d16ebc2782b0981553f3bdbe5ca6
0693,S1,P2_SOURCE_LAYOUT,high,AB,full_run,2026-09-02T07:14:19.941Z,36.501867,1,8965,4455,b461e4f2cee29a57c2f3184632e5d8afeae50848b72afefd6d0a4fc5b571e9cb
0702,S1,P2_SOURCE_LAYOUT,high,AB,full_run,2026-09-02T07:15:32.406Z,34.653129,1,8965,4538,0a08d7562e4fa7c2ff7db2cbbd7e5b2bc6006d72740069030f6040c3ef317b73
0705,S1,P2_SOURCE_LAYOUT,high,AB,full_run,2026-09-02T07:16:44.993Z,39.818204,1,8965,4431,6af23e90b6b8efdc466994bd579903404b06ea2e45b61d963b8ff346b93ff4ac
0709,S1,P2_SOURCE_LAYOUT,high,AB,full_run,2026-09-02T07:18:03.337Z,37.632005,1,8965,4489,f164906825094df1a47ee7575d6e5705d5b753314f0f3871cef1f9bdbb44dbdd
0718,S1,P2_SOURCE_LAYOUT,high,AB,full_run,2026-09-02T07:19:18.249Z,39.173701,1,8965,4413,5c860f688fc1fbb5e98300afe4e63c1dae747b1020c5e0d1dde8fabe8f47da31
0724,S1,P2_SOURCE_LAYOUT,high,AB,full_run,2026-09-02T07:20:33.011Z,36.812121,1,8965,4425,35c84098b118c869fea918e093d9fbb955690d1212d0fa9e17a898faee4cbd98
0725,S1,P2_SOURCE_LAYOUT,high,AB,preview_run_reused,2026-09-01T22:41:53.854Z,34.94889,1,,,81a3afd1d438f9249660159c941ab49eb47dd911d1ebaabcf1811f1890b7e14c
0737,S1,P2_SOURCE_LAYOUT,high,AB,full_run,2026-09-02T07:21:42.732Z,39.474911,1,8965,4425,d0223b3bb79552fecd166f80669a310ecdcc18b5de53a668e8f08c429aba027b
0738,S1,P2_SOURCE_LAYOUT,high,AB,full_run,2026-09-02T07:23:04.897Z,39.042596,1,8965,4429,8208c896bf8b6f946dcf2f4de527e5e26682ea25db8412482c7fa9cc041eb08f
0742,S1,P2_SOURCE_LAYOUT,high,AB,full_run,2026-09-02T07:24:18.038Z,40.330032,1,8965,4472,e49cdd3f95575efc3296897e7747921d4d0816fa9876fb704d9ae9d1267e47d8
0759,S1,P2_SOURCE_LAYOUT,high,AB,full_run,2026-09-02T07:25:33.181Z,36.302939,1,8965,4486,202d6af1d072b6d6f7d6d752ecdc5b947222f942c16302efdbb8cbf33b39fdb5
0770,S1,P2_SOURCE_LAYOUT,high,AB,full_run,2026-09-02T07:26:46.865Z,37.592679,1,8965,4429,12dc0be0633853cc1a1aa3274b30df14da48ec5346b06fd8420d8a7fe3e4a586
0774,S1,P2_SOURCE_LAYOUT,high,AB,full_run,2026-09-02T07:28:01.579Z,41.231137,1,8965,4457,74062669727fe88b04bdaea2b515994fcf8be289e71544b94e65fc41689cff52
0783,S1,P2_SOURCE_LAYOUT,high,AB,full_run,2026-09-02T07:29:24.689Z,36.828868,1,8965,4454,f831d5dcc540e06456416fb180f41230315667857ada806c6eee2819fa3612a6
0785,S1,P2_SOURCE_LAYOUT,high,AB,full_run,2026-09-02T07:30:39.293Z,47.090826,1,8965,4478,8e8a97274bad1c1b83f4b902d61f613b46e7f8d1b53dfb2bfe1b048fe021d365
0786,S1,P2_SOURCE_LAYOUT,high,AB,full_run,2026-09-02T07:32:08.001Z,39.105915,1,8965,4462,3bb90b7371b41998ff522233e7096e8a869b00cd045ae14e5115d4e970e81c29
0789,S1,P2_SOURCE_LAYOUT,high,AB,full_run,2026-09-02T07:33:27.115Z,36.796219,1,8965,4445,6dc4796a2e35394f008388a7c6dc892f4b52f5d1fbf5f33a3a3bebe3623133af
0794,S1,P2_SOURCE_LAYOUT,high,AB,full_run,2026-09-02T07:34:39.886Z,42.570717,1,8965,4477,08979d1777ef91d7157fe1c3b9e44f33422ccd10140f89833297d8e60aef6811
0801,S1,P2_SOURCE_LAYOUT,high,AB,full_run,2026-09-02T07:36:00.505Z,39.354308,1,8965,4505,15ff3e39e285f8807cbd981b2b89731f05920b179c1ee46b3f5cb89d5e302096
0805,S1,P2_SOURCE_LAYOUT,high,AB,full_run,2026-09-02T07:37:17.706Z,38.934144,1,8965,4472,76a43a2e495caddbc7bcef085189b486d4519e89f9b4a500e02b5ed497daf5ef
0807,S1,P2_SOURCE_LAYOUT,high,AB,full_run,2026-09-02T07:38:35.609Z,34.668336,1,8965,4516,fb71ffbcf6b098b72fb4ab21cb9e74d65099abe26c8f4a82c303877b24e2847c
0813,S1,P2_SOURCE_LAYOUT,high,AB,full_run,2026-09-02T07:39:48.013Z,35.713001,1,8965,4425,24a0ca147da491d28d57e0006d3e6899e755ca6bfdf18445dd65d0282e9098da
0816,S1,P2_SOURCE_LAYOUT,high,AB,full_run,2026-09-02T07:41:04.149Z,42.568682,1,8965,4506,b06900a47e15a534afcf8c042abf4fd1ab7ade6e8c2f1dc4d375a09100018b47
0817,S1,P2_SOURCE_LAYOUT,high,AB,full_run,2026-09-02T07:42:34.169Z,38.436479,1,8965,4493,e48c67f6e87d452754448e679945e4c9d7e1505e79139cc8e7508f9c5f6b2864
0821,S1,P2_SOURCE_LAYOUT,high,AB,full_run,2026-09-02T07:43:46.895Z,37.190402,1,8965,4388,b84756a0373e4828b0650beb58c7b73f91fb8f8ac62db5cd64142c77fa8e2a8e
0829,S1,P2_SOURCE_LAYOUT,high,AB,full_run,2026-09-02T07:45:00.851Z,43.425329,1,8965,4408,2a3418ea06fe5bc73bb0df44dc0e1c3c5819db4bca3eedd142890c52b8bb03b4
0834,S1,P2_SOURCE_LAYOUT,high,AB,full_run,2026-09-02T07:46:24.612Z,43.711732,1,8965,4461,807764b4681657598b4ca9fc8aa73e39cc7d556477490bd6dd07e7b306042273
0835,S1,P2_SOURCE_LAYOUT,high,AB,full_run,2026-09-02T07:47:46.657Z,38.093189,1,8965,4449,d5769e83884cd6f59b917d88c6a70db57cfe9e6bcd1a6ce73e78198d7199a0d2
0836,S1,P2_SOURCE_LAYOUT,high,AB,full_run,2026-09-02T07:49:08.281Z,36.642575,1,8965,4414,c81732428440b3abe56d9da8f9ef4dc6f64568e8da098bd4f608d4181d7431f9
0838,S1,P2_SOURCE_LAYOUT,high,AB,full_run,2026-09-02T07:50:22.057Z,35.402174,1,8965,4409,640b628b29fc6831d2731b152e032516492cf1170d4bd66506f517698ec3cf68
0841,S1,P2_SOURCE_LAYOUT,high,AB,full_run,2026-09-02T07:51:33.349Z,38.096411,1,8965,4505,6fd7eacd4ccf2c52a7cd226062751ac7cd62d4f65a30da6eeb020d41bdf5831c
0858,S1,P2_SOURCE_LAYOUT,high,AB,full_run,2026-09-02T07:52:48.586Z,37.301678,1,8965,4453,903b041323e81793d26887a685f3222edbba5c0333803e041912b2891680fc79
0869,S1,P2_SOURCE_LAYOUT,high,AB,full_run,2026-09-02T07:54:18.245Z,38.918592,1,8965,4508,a6bbd3980c4f6c7eacc31912479ef2789ca4af96c56fcd9784c1e4e1ea3fe019
0875,S1,P2_SOURCE_LAYOUT,high,AB,full_run,2026-09-02T07:55:36.755Z,42.422055,1,8965,4480,ce40493103def756cddb277c5099729a67fbfb6598f2c847950660e768724eb2
0910,S1,P2_SOURCE_LAYOUT,high,AB,full_run,2026-09-02T07:56:57.731Z,37.217466,1,8965,4466,7813865b694604cdd2f54136cf5b41ca69ca79f995af2b1dfb792896f28b40e7
0912,S1,P2_SOURCE_LAYOUT,high,AB,full_run,2026-09-02T07:58:09.766Z,41.310135,1,8965,4472,426c9457c51543348659f200bc11adf087b657a9cbccc3debb51c4dd5aa4c4e3
0924,S1,P2_SOURCE_LAYOUT,high,AB,full_run,2026-09-02T07:59:27.654Z,39.298068,1,8965,4450,922eacda19c5fa7bb4f0dcd0afec93bdb797b1f1a112ab3d5591f15eba223e8e
0927,S1,P2_SOURCE_LAYOUT,high,AB,full_run,2026-09-02T08:00:38.970Z,39.765812,1,8965,4486,dc78ab3dae4a1c5edc67903217f34c3909e42e213eeed3eb738cad727af65171
0933,S1,P2_SOURCE_LAYOUT,high,AB,full_run,2026-09-02T08:01:55.557Z,45.285886,1,8965,4420,b337a317b404a87d1487650871c2c649530aaf344579e239054b9373b2997928
0936,S1,P2_SOURCE_LAYOUT,high,AB,full_run,2026-09-02T08:03:29.091Z,38.925743,1,8965,4399,bbb15efa642bb7a35667ae4e3946ea73e97939308c0d66c10ebb933b9d89c294
0937,S1,P2_SOURCE_LAYOUT,high,AB,full_run,2026-09-02T08:04:49.811Z,42.798672,1,8965,4490,16550054b92adc87db7af4614b62b549df46d6c3253eed1b88efac1e4480e6ab
0938,S1,P2_SOURCE_LAYOUT,high,AB,full_run,2026-09-02T08:06:11.866Z,34.121442,1,8965,4463,0cae0b88fe7a79581dd7b1fe21a0e423733ec90ba430f9753c8203f1720b9751
0940,S1,P2_SOURCE_LAYOUT,high,AB,full_run,2026-09-02T08:07:24.702Z,39.098576,1,8965,4419,8f3eb7750ff0cd4e3d48ce2b679ff5c60ca3d4f7c46a8cf057fa5d6639af9e2d
0943,S1,P2_SOURCE_LAYOUT,high,AB,full_run,2026-09-02T08:08:42.993Z,38.496117,1,8965,4350,097f74e94ea785dd6fd8803ecd6f0b2c42d1d339282d0470e53505b4ac97b509
0945,S1,P2_SOURCE_LAYOUT,high,AB,full_run,2026-09-02T08:10:00.189Z,40.138715,1,8965,4456,5bfe882c1b446bf45a612098c8ecb5cc1cb4ed71397dd24e8e518be2326fa766
0947,S1,P2_SOURCE_LAYOUT,high,AB,full_run,2026-09-02T08:11:21.247Z,37.437472,1,8965,4470,a27ebb65185abecd7e89e9f4c0110f2818af7cba03fb71b3876246f82283b460
0953,S1,P2_SOURCE_LAYOUT,high,AB,full_run,2026-09-02T08:12:37.897Z,35.668686,1,8965,4459,4321b7f875aada9a00d3f1e50194826645f0f8a2fb55454141e55e76f82fc908
0958,S1,P2_SOURCE_LAYOUT,high,AB,full_run,2026-09-02T08:13:51.567Z,41.117611,1,8965,4514,1aeafe1a0cc9973d46061e153065576830a4f7593ecf9db22841cb7289afe148
0972,S1,P2_SOURCE_LAYOUT,high,AB,full_run,2026-09-02T08:15:09.689Z,37.644075,1,8965,4477,2779df95d28f05ee05643b7b3e74ae19094a3e863b7f007baa5c6cd30d934e46
0975,S1,P2_SOURCE_LAYOUT,high,AB,full_run,2026-09-02T08:16:28.201Z,33.106831,1,8965,4489,07395aa429ff73218484a1956faf74638cbb8a84ae0af2b8167c5e004f5349b5
0992,S1,P2_SOURCE_LAYOUT,high,AB,full_run,2026-09-02T08:17:35.617Z,36.604479,1,8965,4422,5c18757b6676b35632358ac58c50b1a67701a03dec0d9a365a23bc9f37801ebe
0994,S1,P2_SOURCE_LAYOUT,high,AB,full_run,2026-09-02T08:18:58.133Z,35.127749,1,8965,4459,14d7b1bb5d401287b8667bf849b05456266b964f6f5e5f7d838f40be6903b6a6
0006,S2,P1_PERCEPTUAL_SYMMETRIC,high,AB,full_run,2026-09-02T05:46:10.425Z,37.115207,1,8977,4488,d6475dd50cc374f7a7bce49f1e69be116c308b0cea19df5c1b3be10caa424666
0009,S2,P1_PERCEPTUAL_SYMMETRIC,high,AB,full_run,2026-09-02T05:47:23.428Z,37.535979,1,8977,4443,18e6688fe7387fecbd76c44326f83fabfb57a042bf57f318208b4e3297bb8fe3
0017,S2,P1_PERCEPTUAL_SYMMETRIC,high,AB,full_run,2026-09-02T05:48:41.222Z,37.876703,1,8977,4474,26b54918584f6aed001fb0e71eb8a26045d5a087eac51ed70aca7184001b8d26
0022,S2,P1_PERCEPTUAL_SYMMETRIC,high,AB,full_run,2026-09-02T05:49:53.209Z,38.580957,1,8977,4423,0df3e792d71ce8491cf77bc8a2f22f974e7665a07dd3e8f9bf8c390a6854dbf9
0053,S2,P1_PERCEPTUAL_SYMMETRIC,high,AB,full_run,2026-09-02T05:51:07.294Z,37.117758,1,8977,4411,8903251f752e4c9ef864c1615e128f58f1e9bec77bf0476a9c6826e8524c07c9
0068,S2,P1_PERCEPTUAL_SYMMETRIC,high,AB,full_run,2026-09-02T05:52:18.840Z,33.557244,1,8977,4431,ef2836304f7f1678b87a303021bf93d971e92fc10b74653dcea6b7178f5e8e7b
0069,S2,P1_PERCEPTUAL_SYMMETRIC,high,AB,full_run,2026-09-02T05:53:34.605Z,40.793708,1,8977,4490,03bfc2479936748a8e8b59f35808bbef4216d898cd97d0908a662d0db8764293
0091,S2,P1_PERCEPTUAL_SYMMETRIC,high,AB,full_run,2026-09-02T05:54:55.006Z,31.604429,1,8977,4462,27b584a210273d97074e48a95807240cac5d5869b27a4319c30a0cd2a429fa98
0099,S2,P1_PERCEPTUAL_SYMMETRIC,high,AB,full_run,2026-09-02T05:56:06.853Z,42.60176,1,8977,4438,7f3f615621413794c85e1f3c5424a7fc24f5c64bff504e7e6e8e5ddd9c7579a2
0110,S2,P1_PERCEPTUAL_SYMMETRIC,high,AB,full_run,2026-09-02T05:57:28.889Z,32.514666,1,8977,4486,90a2866c7453605c1cb7a539689ce32c92a75e16ce432d47173fd1b9e51fdc50
0140,S2,P1_PERCEPTUAL_SYMMETRIC,high,AB,full_run,2026-09-02T05:58:41.759Z,40.333773,1,8977,4430,97dcad7db6d9094c24ab2cfe3140143b7e6a092d771bb868d814b45af6d0bc93
0142,S2,P1_PERCEPTUAL_SYMMETRIC,high,AB,full_run,2026-09-02T05:59:56.241Z,34.190703,1,8977,4470,6d8d9ae2f9f7b6682fea43b6a381bec8b972d488a14425ac20b8c3fe523af045
0143,S2,P1_PERCEPTUAL_SYMMETRIC,high,AB,full_run,2026-09-02T06:01:05.293Z,36.426213,1,8977,4373,75dd1d553eeab2a577840e0a6f32a3d924fc03a5e382d0959792006145d3fdea
0156,S2,P1_PERCEPTUAL_SYMMETRIC,high,AB,full_run,2026-09-02T06:02:18.577Z,38.438755,1,8977,4463,4d610de057c5b94c8cb3e81c733f0d1705c0c8f660d0123b439f356da9aea6d2
0168,S2,P1_PERCEPTUAL_SYMMETRIC,high,AB,full_run,2026-09-02T06:03:46.924Z,38.346089,1,8977,4452,f81a5f1744352bf6ecd3e396c88b3a24436c54e779e1cf0fe26c6eed09eefd54
0174,S2,P1_PERCEPTUAL_SYMMETRIC,high,AB,full_run,2026-09-02T06:05:01.487Z,36.986488,1,8977,4455,7465099d7836a12111dedf19f1c83939fc49102bab976964a219d0b51aae20d1
0178,S2,P1_PERCEPTUAL_SYMMETRIC,high,AB,full_run,2026-09-02T06:06:15.880Z,35.068164,1,8977,4472,97c79e2107505b6562c8bb22823053310ba5a8900b29103be6aa654daff3cd85
0182,S2,P1_PERCEPTUAL_SYMMETRIC,high,AB,full_run,2026-09-02T06:07:35.864Z,39.879909,1,8977,4503,91ff048e181c7c26a9fc9d91a2ddd152ff58e0f3c4d8c62de62ca0987a729a8c
0184,S2,P1_PERCEPTUAL_SYMMETRIC,high,AB,full_run,2026-09-02T06:08:52.517Z,38.509945,1,8977,4434,38605de8a8518b745ce61ea2d2c7612a5cbfa98dcc47b5d0d9ffba442101159b
0193,S2,P1_PERCEPTUAL_SYMMETRIC,high,AB,full_run,2026-09-02T06:10:08.357Z,39.56611,1,8977,4467,1f288d3ccc7c2b205ae46c454f76204a4ceb59a1b0bc4819129760a34141787a
0200,S2,P1_PERCEPTUAL_SYMMETRIC,high,AB,full_run,2026-09-02T06:11:23.637Z,38.202239,1,8977,4426,f066162a8bbc10fa0718cb7f71bd83eb4036ec8a31198edf75dd5c598fd0e1b9
0214,S2,P1_PERCEPTUAL_SYMMETRIC,high,AB,full_run,2026-09-02T06:12:40.198Z,44.099877,1,8977,4400,c0fd0866ee7ceede6206afc4e7ea4842f69d410dfe1b822a00dfde362958b34d
0221,S2,P1_PERCEPTUAL_SYMMETRIC,high,AB,full_run,2026-09-02T06:13:56.370Z,40.196001,1,8977,4425,adccde419c0f481305227965100fefafcee4f8799f08c3f72a7897f32a22b854
0230,S2,P1_PERCEPTUAL_SYMMETRIC,high,AB,full_run,2026-09-02T06:15:15.013Z,39.967314,1,8977,4448,038971b9a5d25c3dea624c2ced89c3abcd7c02abbd894799ea65c840f416f6c0
0232,S2,P1_PERCEPTUAL_SYMMETRIC,high,AB,full_run,2026-09-02T06:16:32.394Z,37.000091,1,8977,4416,33812ac2369183743f03a27e96a38df88e378341b5c643f7077e0aadc02693e6
0238,S2,P1_PERCEPTUAL_SYMMETRIC,high,AB,full_run,2026-09-02T06:17:44.515Z,32.14386,1,8977,4430,5e2a3cf2835809f878bcbc46695ff1987e365a7c7acb60a87e747120cae23b01
0239,S2,P1_PERCEPTUAL_SYMMETRIC,high,AB,full_run,2026-09-02T06:18:51.105Z,39.918073,1,8977,4480,0775484de442d097002ba2e5a661e6b937dc4352306fdfdd7cb582cd174fa1a6
0299,S2,P1_PERCEPTUAL_SYMMETRIC,high,AB,full_run,2026-09-02T06:20:09.207Z,39.153994,1,8977,4437,3f2c66112fe7291993fa5a4f80bf02910465c1a8f12aef006c01914225154b83
0308,S2,P1_PERCEPTUAL_SYMMETRIC,high,AB,full_run,2026-09-02T06:21:26.952Z,35.970094,1,8977,4475,7c8b1b60ae14dfd49f105f84e921dbaaf8f510a2f2478e3a434eaca793e7442c
0315,S2,P1_PERCEPTUAL_SYMMETRIC,high,AB,full_run,2026-09-02T06:22:41.005Z,36.278693,1,8977,4482,e236d68b49755b6a76f3753c69f2c0a5357ba32bf67ed125aba1972028dd1d53
0319,S2,P1_PERCEPTUAL_SYMMETRIC,high,AB,full_run,2026-09-02T06:23:53.660Z,39.778699,1,8977,4461,99852699372bc6adee1a982c140887ec66e6bc48b76cb1d7f6a18a10d9cc5938
0323,S2,P1_PERCEPTUAL_SYMMETRIC,high,AB,full_run,2026-09-02T06:25:10.044Z,39.300928,1,8977,4477,e6275108cb3dd5cebcc904e61673d9c6a442216ae0df896c2c311d399cf33f8c
0339,S2,P1_PERCEPTUAL_SYMMETRIC,high,AB,full_run,2026-09-02T06:26:25.396Z,35.350906,1,8977,4456,9e479ebf691d74cd4da6954cbc8497a9c02f3d07966d4d21f51a57cfc8f8daa0
0362,S2,P1_PERCEPTUAL_SYMMETRIC,high,AB,full_run,2026-09-02T06:27:41.646Z,36.046538,1,,,62e4b698335d44a972d70ad08c975b2843753ffe294df6be3e3f395e728fe0fc
0426,S2,P1_PERCEPTUAL_SYMMETRIC,high,AB,full_run,2026-09-02T06:32:18.453Z,41.345494,1,8977,4479,5c3cee419d0ae6438ef435b0fedce6ef4aceafd17eed3a6e9570c85c39f0473e
0428,S2,P1_PERCEPTUAL_SYMMETRIC,high,AB,full_run,2026-09-02T06:33:39.060Z,39.313021,1,8977,4489,49bccaf3b5f16095c333eb087ce018dbcddc56cafee3807ba7a51c8e661f27c0
0435,S2,P1_PERCEPTUAL_SYMMETRIC,high,AB,full_run,2026-09-02T06:34:59.637Z,36.798697,1,8977,4455,43c9b53aec32e27b3cb4b801e3b18705e22a5a75aea0c1636ca719150b99b214
0445,S2,P1_PERCEPTUAL_SYMMETRIC,high,AB,preview_run_reused,2026-09-01T22:41:22.482Z,31.358708,1,,,bcd87616420db450b56c46aa22461942e83fb727c2bc86ecdcac23d9c5159c21
0451,S2,P1_PERCEPTUAL_SYMMETRIC,high,AB,full_run,2026-09-02T06:36:17.275Z,40.560757,1,8977,4439,aeeaf082e1564fdff16afa9c59ba4c90b52bcd5e0f79f556a2eb5ab3dce2fe43
0456,S2,P1_PERCEPTUAL_SYMMETRIC,high,AB,full_run,2026-09-02T06:37:41.722Z,40.233321,1,8977,4474,23fff18b8ec5517e786df3a05d677798e4a37096b0287367247bb1ab755ca61a
0460,S2,P1_PERCEPTUAL_SYMMETRIC,high,AB,full_run,2026-09-02T06:39:01.560Z,38.741164,1,8977,4437,a288c90908d21f3c2d22a011e244609208ceec8473c85f04baf32ab86d55a62c
0473,S2,P1_PERCEPTUAL_SYMMETRIC,high,AB,full_run,2026-09-02T06:40:21.109Z,39.341976,1,8977,4425,36c6e76fc33b292210e7d8c6da8f1d27d8c8ca52f002286c16c34bde9fce9591
0475,S2,P1_PERCEPTUAL_SYMMETRIC,high,AB,full_run,2026-09-02T06:41:41.217Z,41.29565,1,8977,4512,96c255e702d7badac69d4996c78e8c9a11d6c7f1245fc30c521685fa728ad542
0479,S2,P1_PERCEPTUAL_SYMMETRIC,high,AB,full_run,2026-09-02T06:43:00.317Z,42.910685,1,8977,4473,d6bb5dcefaaa97d459b6af7c1f5c424677d17ec795655c73bd00e37256773b2b
0489,S2,P1_PERCEPTUAL_SYMMETRIC,high,AB,full_run,2026-09-02T06:44:23.324Z,44.104517,1,8977,4478,e6ad38ed13ccdbe93691c898c2d2450cba1fb6d31e91ce5c3ee9933a6fcbb239
0499,S2,P1_PERCEPTUAL_SYMMETRIC,high,AB,full_run,2026-09-02T06:45:53.753Z,36.041414,1,8977,4441,5a539a49994329c88b20e8c173c5ec7c2e76c23263c133bba8d39453f95380cc
0501,S2,P1_PERCEPTUAL_SYMMETRIC,high,AB,full_run,2026-09-02T06:47:09.925Z,43.824897,1,8977,4465,5e7e0d09665809976d0dd517128a79b3372dddbf9d03f96c02c708db858ce972
0502,S2,P1_PERCEPTUAL_SYMMETRIC,high,AB,full_run,2026-09-02T06:48:37.965Z,37.968582,1,8977,4423,c586d7ba9e980be41493ee67b0c70247def55694272bde9ee206992500129dde
0512,S2,P1_PERCEPTUAL_SYMMETRIC,high,AB,full_run,2026-09-02T06:49:49.409Z,35.402233,1,8977,4496,503aa60265149c0ffb0b57f8b946bf3d9144a75412bb5d7187c88e011c373bfa
0516,S2,P1_PERCEPTUAL_SYMMETRIC,high,AB,full_run,2026-09-02T06:51:03.865Z,43.364475,1,8977,4498,f1c7437143fdd11baa4e4e86388e02e58c6074e6ed189802696dfb9baf18c20b
0520,S2,P1_PERCEPTUAL_SYMMETRIC,high,AB,full_run,2026-09-02T06:52:20.670Z,39.229068,1,8977,4486,e7a398337a2f624c82ca78334ec79ba2f59271cfd67318f1da8b7b249133f86f
0530,S2,P1_PERCEPTUAL_SYMMETRIC,high,AB,full_run,2026-09-02T06:53:36.564Z,36.195552,1,8977,4473,52466594157fb7a3be158b55963315591d89cfb26c3beb0230527dde6e57c4d4
0534,S2,P1_PERCEPTUAL_SYMMETRIC,high,AB,full_run,2026-09-02T06:54:48.933Z,36.4619,1,8977,4433,1f52c57c9b8c8f796194bc6de95d3a1660d438e5c5db91e5db18885173e41ae6
0536,S2,P1_PERCEPTUAL_SYMMETRIC,high,AB,full_run,2026-09-02T06:55:59.689Z,39.754953,1,8977,4466,684b16d973485578553eb4bd7823e4ab2f00dc109088455d1ec60f7a16143651
0549,S2,P1_PERCEPTUAL_SYMMETRIC,high,AB,full_run,2026-09-02T06:57:21.903Z,75.50666,1,8977,4472,87db113c5aec5c847f83c871e97d04975631eacc619216c438897033be4c7637
0565,S2,P1_PERCEPTUAL_SYMMETRIC,high,AB,full_run,2026-09-02T06:59:15.794Z,39.320828,1,8977,4396,9d87e14c7deab26073d49b50a9ec810347f0bc8ca105a264e9957df2d1ff83ea
0568,S2,P1_PERCEPTUAL_SYMMETRIC,high,AB,full_run,2026-09-02T07:00:34.022Z,37.685752,1,8977,4448,6f7f353162d9bf2261b73a4c5a28a768042e514b3f37219fece36e1be364fbf2
0577,S2,P1_PERCEPTUAL_SYMMETRIC,high,AB,full_run,2026-09-02T07:01:50.827Z,32.440527,1,8977,4446,bc7e57401888a6b7ccd2c049c2f1403b678dc1336e88cc1b29984f1b73bdbb27
0591,S2,P1_PERCEPTUAL_SYMMETRIC,high,AB,full_run,2026-09-02T07:02:54.737Z,39.621921,1,8977,4506,a2c2cc16f05c6386ce2d5f49512814d81cb6a71dd82e3f56b87490b29b748bab
0606,S2,P1_PERCEPTUAL_SYMMETRIC,high,AB,full_run,2026-09-02T07:04:13.107Z,35.273266,1,8977,4493,0ce1f6c92277546dcaf7f35f2f7878b4879568fd5d3079af2d63b8b63a24329b
0618,S2,P1_PERCEPTUAL_SYMMETRIC,high,AB,full_run,2026-09-02T07:05:32.097Z,40.94897,1,8977,4447,c1a20e67eb76cdea16acafd154c6b977b9b2a8ab72355d7e816a372d11b10ddb
0626,S2,P1_PERCEPTUAL_SYMMETRIC,high,AB,full_run,2026-09-02T07:06:58.785Z,40.157722,1,8977,4458,e5f600523e50ff5042c950c88122f8f45b64199ba8ada4385cfcfcc07209dc00
0652,S2,P1_PERCEPTUAL_SYMMETRIC,high,AB,full_run,2026-09-02T07:08:17.311Z,38.106666,1,8977,4415,c505371ba6e64ae7ff85fcfa2b838c7a57eeb760973a202f21f2f0d8e47ef024
0656,S2,P1_PERCEPTUAL_SYMMETRIC,high,AB,preview_run_reused,2026-09-01T22:43:41.839Z,36.697281,1,,,b483962795931e4926becb0a2b41d1f6827ec91334ef5f94e55eb8a12ed8716e
0657,S2,P1_PERCEPTUAL_SYMMETRIC,high,AB,full_run,2026-09-02T07:09:35.889Z,39.68338,1,8977,4461,1eeed31d730f40a74a6976d04f83d0e978c3814cc2181f12a9f9b377dcd1a8e0
0660,S2,P1_PERCEPTUAL_SYMMETRIC,high,AB,full_run,2026-09-02T07:10:55.522Z,56.50734,1,8977,4490,8f1fb67c0a44fd5a66da4fd036d26c2d846bf894dcdcfd3ccbd6d10786e96bda
0680,S2,P1_PERCEPTUAL_SYMMETRIC,high,AB,full_run,2026-09-02T07:12:30.743Z,34.404957,1,8977,4434,8dbde0aa2294ede5089606066886637e6cb3888eec7b61f318439c7f0493fc94
0687,S2,P1_PERCEPTUAL_SYMMETRIC,high,AB,full_run,2026-09-02T07:13:41.184Z,38.736736,1,8977,4452,c866e10e2eb6c790508c85dd8dd5cd5943de5748f8a8d31c4f9801e2c6c57dd4
0693,S2,P1_PERCEPTUAL_SYMMETRIC,high,AB,full_run,2026-09-02T07:14:56.459Z,35.928176,1,8977,4459,979e57c06293796494d53e00c1a672e670e12874b97d6d74b67d3f7bc01997d0
0702,S2,P1_PERCEPTUAL_SYMMETRIC,high,AB,full_run,2026-09-02T07:16:07.077Z,37.895774,1,8977,4471,ee7ac1906aa9d7ab8f772784a9311e7d7f059552123c0904cd35aaf62956a108
0705,S2,P1_PERCEPTUAL_SYMMETRIC,high,AB,full_run,2026-09-02T07:17:24.829Z,38.490815,1,8977,4420,58a5e1b1b204036222d718a240878df363108a70f2cca2f942ff970a9742a5e2
0709,S2,P1_PERCEPTUAL_SYMMETRIC,high,AB,full_run,2026-09-02T07:18:40.990Z,37.23845,1,8977,4491,97c20c94123fb182b5e70c3a4fd97c8e05d19f8507cf240bf782ae5c90705477
0718,S2,P1_PERCEPTUAL_SYMMETRIC,high,AB,full_run,2026-09-02T07:19:57.441Z,35.552672,1,8977,4458,5122f1ea464ffd2fc75ed39faad838a909627f834a0ecb5f9ac9646520b106af
0724,S2,P1_PERCEPTUAL_SYMMETRIC,high,AB,full_run,2026-09-02T07:21:09.841Z,32.834073,1,8977,4426,6ecbcf336836d1c3b5e9160cc00bb42c31ee0e598ee3448f5378cc78f3553b3d
0725,S2,P1_PERCEPTUAL_SYMMETRIC,high,AB,preview_run_reused,2026-09-01T22:42:28.815Z,35.198717,1,,,2d088c7b65d8177d74c30aabbb18394c5887e39167436a9ce6069935112be476
0737,S2,P1_PERCEPTUAL_SYMMETRIC,high,AB,full_run,2026-09-02T07:22:22.223Z,42.653252,1,8977,4390,1359b2638f09548d9c408b4834e77596dc6e8aca77331a415b4c0f3f0b09fdb4
0738,S2,P1_PERCEPTUAL_SYMMETRIC,high,AB,full_run,2026-09-02T07:23:43.957Z,34.06314,1,8977,4451,832ebe7996e4187430d20bdb70439b7619a4df036e7edfcc04e715516ebc64e7
0742,S2,P1_PERCEPTUAL_SYMMETRIC,high,AB,full_run,2026-09-02T07:24:58.386Z,34.777405,1,8977,4420,d9d8eb360a30279f69502e5459c51047891fdda4fe93500cb51bb6f70f64b7ef
0759,S2,P1_PERCEPTUAL_SYMMETRIC,high,AB,full_run,2026-09-02T07:26:09.505Z,37.340648,1,8977,4483,eb5cfff3fc27d7a402c765e49b325d64817d216b881f5519c58b752df2c4bbae
0770,S2,P1_PERCEPTUAL_SYMMETRIC,high,AB,full_run,2026-09-02T07:27:24.474Z,37.087645,1,8977,4488,c379c8ebf0e7141e2b60d5ac018dbce7fa3155964086b495e7531a95a96264e5
0774,S2,P1_PERCEPTUAL_SYMMETRIC,high,AB,full_run,2026-09-02T07:28:42.827Z,41.840399,1,8977,4502,ef865e16290a252cae146f89bafa2b6be2d9253b91c750e95bfb5cc61465a1da
0783,S2,P1_PERCEPTUAL_SYMMETRIC,high,AB,full_run,2026-09-02T07:30:01.538Z,37.735009,1,8977,4425,70badddfb961510dd9eb6360e9ef4632f7f2d6c8d6c433b8057f4bb46855a3c2
0785,S2,P1_PERCEPTUAL_SYMMETRIC,high,AB,full_run,2026-09-02T07:31:26.405Z,41.575329,1,8977,4447,ba2092dd8f6f3ee3710ec0df0c7e85657065852bf32fa4bb99d54fb6b12b3aa7
0786,S2,P1_PERCEPTUAL_SYMMETRIC,high,AB,full_run,2026-09-02T07:32:47.122Z,39.973333,1,8977,4459,fda49816af726eaddf407d0fd39f34be241c41042a237b88d13e6ba50bb9ba5b
0789,S2,P1_PERCEPTUAL_SYMMETRIC,high,AB,full_run,2026-09-02T07:34:03.931Z,35.935768,1,8977,4528,3208865b40a1a4e503e471e5aead85dcfd06540a9c964ec130016ef9af2983fc
0794,S2,P1_PERCEPTUAL_SYMMETRIC,high,AB,full_run,2026-09-02T07:35:22.475Z,38.012133,1,8977,4422,fe43e21ab36c4ac9a58c35d14b8561b8ee64b9075fe119e0b074f70a6545784f
0801,S2,P1_PERCEPTUAL_SYMMETRIC,high,AB,full_run,2026-09-02T07:36:39.878Z,37.811336,1,8977,4508,59f08baafa491a57a3de6dca42107bad1839f8e1899582638e546c8d432465d2
0805,S2,P1_PERCEPTUAL_SYMMETRIC,high,AB,full_run,2026-09-02T07:37:56.658Z,38.932104,1,8977,4452,e03507a89f369d7dd82215787154a09d715610d81fe64badb0cdddf9bc1c0619
0807,S2,P1_PERCEPTUAL_SYMMETRIC,high,AB,full_run,2026-09-02T07:39:10.297Z,37.696216,1,8977,4459,7984d2ba00cd22762c680dd6731b6a5b7aece15a1a4c25b3415e43dfe4f3472e
0813,S2,P1_PERCEPTUAL_SYMMETRIC,high,AB,full_run,2026-09-02T07:40:23.745Z,40.383385,1,8977,4442,3b4bddc6d689a745aade210a94a8ba1fab2395ff16b53cdbf4cf776bda9a574e
0816,S2,P1_PERCEPTUAL_SYMMETRIC,high,AB,full_run,2026-09-02T07:41:46.738Z,47.409742,1,8977,4443,16d5ea4c8b98b19c3bdd12aa3ca9bea7162e2a41332b720ebdcdd9411f9d0124
0817,S2,P1_PERCEPTUAL_SYMMETRIC,high,AB,full_run,2026-09-02T07:43:12.622Z,34.253415,1,8977,4454,5674fa12a10eba2daa50cb4b23670f4975c69c3ae35d66023c718b1da3bcb1af
0821,S2,P1_PERCEPTUAL_SYMMETRIC,high,AB,full_run,2026-09-02T07:44:24.102Z,36.732408,1,8977,4415,633d5211fe12437b121d5ed25c1cfe928c6a81435b5a1aaa63cd60bb0ea09415
0829,S2,P1_PERCEPTUAL_SYMMETRIC,high,AB,full_run,2026-09-02T07:45:44.293Z,40.301662,1,8977,4446,7018f9a68710f1ef93874d12e29c7489839fbdc3eec5f9293f89668c981729bf
0834,S2,P1_PERCEPTUAL_SYMMETRIC,high,AB,full_run,2026-09-02T07:47:08.342Z,38.297242,1,8977,4448,09179c78a46a037e6cd1fc43074e60722235f83bb093fab487b0e86cf70bc9e4
0835,S2,P1_PERCEPTUAL_SYMMETRIC,high,AB,full_run,2026-09-02T07:48:24.769Z,43.492644,1,8977,4459,58b258afa6bdb2313db5e2aa922d6a2abbd89cd109bbb43120b2747e5cbbc6da
0836,S2,P1_PERCEPTUAL_SYMMETRIC,high,AB,full_run,2026-09-02T07:49:44.945Z,37.091452,1,8977,4465,934720c52626e68af9d91696e182c7850650e5603ebcbc755fe306269a1a2ba5
0838,S2,P1_PERCEPTUAL_SYMMETRIC,high,AB,full_run,2026-09-02T07:50:57.474Z,35.856779,1,8977,4479,4b01d37b3a98eacde90e92ea80f352feeaa84424cf387b94e8c52dfd699fd972
0841,S2,P1_PERCEPTUAL_SYMMETRIC,high,AB,full_run,2026-09-02T07:52:11.465Z,37.101859,1,8977,4497,065295f81ea042fda95bf8d70b0da3c151823a6d6537277276e4b1aa1ffc38fc
0858,S2,P1_PERCEPTUAL_SYMMETRIC,high,AB,full_run,2026-09-02T07:53:25.907Z,52.317888,1,8977,4463,a694a881d84f84e911637b2e45691d3c954e8f8a8c45885687dc07cf0254a4a8
0869,S2,P1_PERCEPTUAL_SYMMETRIC,high,AB,full_run,2026-09-02T07:54:57.180Z,39.55598,1,8977,4484,dccb5b1419667fab8bd5eecc6e69d5103231a3b1ff6572f8a352c0aa410a4845
0875,S2,P1_PERCEPTUAL_SYMMETRIC,high,AB,full_run,2026-09-02T07:56:19.197Z,38.514045,1,8977,4469,5ad6be62b728e44d16f9bac00aa4ccf872a6db40134ea3e792c3f5a6dc75df63
0910,S2,P1_PERCEPTUAL_SYMMETRIC,high,AB,full_run,2026-09-02T07:57:34.966Z,34.782873,1,8977,4441,2244601864ed3c5357a8e47e48d2712bd176ccb6dc1e3aa04209263feefd15ba
0912,S2,P1_PERCEPTUAL_SYMMETRIC,high,AB,full_run,2026-09-02T07:58:51.095Z,36.538851,1,8977,4461,a3ff2965a450d3cb4111a6150a9e767c12f4c0b40a52f4d4e09fc6204b03f6ed
0924,S2,P1_PERCEPTUAL_SYMMETRIC,high,AB,full_run,2026-09-02T08:00:06.968Z,31.981499,1,8977,4421,0f33376e977a57f1ab021ac7eab63e2b8978d4d6b63801444be118b0afdea1cd
0927,S2,P1_PERCEPTUAL_SYMMETRIC,high,AB,full_run,2026-09-02T08:01:18.751Z,36.786855,1,8977,4432,852017d283bcfc691f94bdfccb0b7615cb93abdfd6f0fcef5559988c15586051
0933,S2,P1_PERCEPTUAL_SYMMETRIC,high,AB,full_run,2026-09-02T08:02:40.861Z,48.210178,1,8977,4446,273edc21c29db666f00919014f2a05ce670ab75949748a8b838cc7376388433e
0936,S2,P1_PERCEPTUAL_SYMMETRIC,high,AB,full_run,2026-09-02T08:04:08.035Z,41.755755,1,8977,4483,03d009b91c1ad28a345ee4d895afada8fd14d58f4b8dda5a2cb5ed4d405f1ff4
0937,S2,P1_PERCEPTUAL_SYMMETRIC,high,AB,full_run,2026-09-02T08:05:32.629Z,39.218313,1,8977,4552,524ee943348fe202ed57aa9299094d1e8b8c2d21898653947ef94e0bae046e28
0938,S2,P1_PERCEPTUAL_SYMMETRIC,high,AB,full_run,2026-09-02T08:06:46.007Z,38.676587,1,8977,4435,51d72e81afbdabe8e429e009b97e124e6da598ec32ccf18a80cee1ad1c3dd42f
0940,S2,P1_PERCEPTUAL_SYMMETRIC,high,AB,full_run,2026-09-02T08:08:03.821Z,39.152297,1,8977,4395,7d797739bc357576c9d32950cd6f2a73b929b00014e2530e70c6bf86c1ce9fd6
0943,S2,P1_PERCEPTUAL_SYMMETRIC,high,AB,full_run,2026-09-02T08:09:21.509Z,38.659945,1,8977,4466,8b72aea773e9bed0b55a0b9588d618cca0d12db9dde530cadf6a8cffc7a1e383
0945,S2,P1_PERCEPTUAL_SYMMETRIC,high,AB,full_run,2026-09-02T08:10:40.342Z,40.886603,1,8977,4458,19313ce4257365994e2998fdc53f9f67bb2fa5b3afb620a04ae9115afebee248
0947,S2,P1_PERCEPTUAL_SYMMETRIC,high,AB,full_run,2026-09-02T08:11:58.705Z,39.171237,1,8977,4416,6fc3978a9da2eb73deefe9e3a627db59468c7c77fc3b2794c1db4fc2ed37f1d0
0953,S2,P1_PERCEPTUAL_SYMMETRIC,high,AB,full_run,2026-09-02T08:13:13.586Z,37.962652,1,8977,4469,55dc346f0604607bdc849d3078188ca31d26a1bd658f9ca656e82f8fcbcda4a2
0958,S2,P1_PERCEPTUAL_SYMMETRIC,high,AB,full_run,2026-09-02T08:14:32.707Z,36.963525,1,8977,4481,61cfbf7a5eec2b291593e6fb661c7e0179b213c18cb545cb1a5a797144d9c918
0972,S2,P1_PERCEPTUAL_SYMMETRIC,high,AB,full_run,2026-09-02T08:15:47.354Z,40.827865,1,8977,4448,d0408677aeec07c9a32b9bee116e4d8ac8e6c6d6496efb512e470d07d72103f3
0975,S2,P1_PERCEPTUAL_SYMMETRIC,high,AB,full_run,2026-09-02T08:17:01.328Z,34.269519,1,8977,4434,d70572426474495da9e5c39eb759a025d60692500d75f84761752b080005f9b8
0992,S2,P1_PERCEPTUAL_SYMMETRIC,high,AB,full_run,2026-09-02T08:18:12.241Z,45.87512,1,8977,4455,2ed8575e379e2448cdc068419faf81fb7ade1158cee2655ada3c4013bbc36630
0994,S2,P1_PERCEPTUAL_SYMMETRIC,high,AB,full_run,2026-09-02T08:19:33.282Z,36.749704,1,8977,4472,a9a31cc14bb781a28249d5fa676d1d0b4f700239f786eb78d7ce15a7a116fec5
