k,real_inc_directed,real_dino_directed,dA_directed,dB_directed,place_directed,real_inc_symmetric,real_dino_symmetric,dA_symmetric,dB_symmetric,place_symmetric
0006,0.9150335788726808,1.000029683113098,0.5905141234397888,1.0060559511184692,0.3698642060752072,0.8753150105476379,1.043558120727539,0.6800185441970825,0.9588655829429626,0.4149277746492239
0009,1.08722984790802,1.349650740623474,1.0031450986862185,1.1181498765945437,0.4728927895002227,1.0170496702194214,1.0886777639389038,0.9405012130737304,0.9325674176216124,0.5021178600500444
0017,1.0349936485290527,1.1104059219360352,0.8954970836639404,0.695428729057312,0.5628779644786386,1.0035566091537476,1.0876407623291016,0.8750935196876526,0.7179908752441406,0.5493076963921998
0022,1.0783711671829224,0.7968142628669739,1.0160659551620483,0.9414374828338624,0.5190621558668796,0.9994673132896424,1.2327823638916016,1.1560359001159668,0.9597225785255432,0.5463931309928358
0053,1.2227418422698977,1.2610429525375366,0.7530333995819092,1.1000725030899048,0.4063628517343884,0.8174101710319519,0.8037917017936707,0.8035316467285156,0.9334385395050048,0.4626053185220776
0068,1.2925331592559814,1.2189042568206787,0.7468288540840149,0.8658155798912048,0.4631081953880868,1.0242727994918823,1.2026515007019043,0.7785964012145996,0.8840869665145874,0.4682770128444191
0069,1.0624313354492188,0.7772768139839172,0.6234336495399475,1.0959925651550293,0.3625823800109742,0.8664679527282715,1.1751811504364014,0.9950151443481444,0.6296539306640625,0.6124417329284283
0091,0.913108766078949,0.8304416537284851,0.8665565252304077,0.8624284267425537,0.5011937921960384,1.0614237785339355,0.9480803608894348,1.0300722122192385,0.6440561413764954,0.615288672097056
0099,1.0459638833999634,1.1223796606063845,1.499571442604065,1.215067744255066,0.5524017516989743,0.9698473215103148,1.0296562910079956,1.475590467453003,1.2620137929916382,0.5390079524037305
0110,0.9950852990150452,0.9314652681350708,0.7623377442359924,1.1311380863189695,0.4026128728614109,0.9296995997428894,0.7443810701370239,0.9267651438713074,1.0602930784225464,0.4664005981339852
0140,1.0459071397781372,0.8990055322647095,0.8837276697158813,0.8973015546798706,0.4961893140857997,0.9980198740959167,1.0009336471557615,0.9554011821746826,0.7363314032554626,0.5647471650296386
0142,1.10342276096344,1.3004826307296753,0.5454410314559937,0.9583591222763062,0.3627084554683336,1.0912452936172483,1.2847552299499512,0.5831401944160461,0.9521501660346984,0.3798240444009682
0143,1.0969597101211548,1.043466329574585,0.6649547219276428,1.0177152156829834,0.3951783452414281,0.7143372893333435,1.0240240097045898,0.6516420245170593,1.0063512325286863,0.3930305635169716
0156,0.9102525115013124,0.6998727917671204,0.8352039456367493,1.0313221216201782,0.4474643884383099,0.7478784322738647,0.6950157284736633,0.9347347021102904,1.0143040418624878,0.479587542587998
0168,0.8769090175628662,0.7754867672920227,0.6656553745269775,0.9449369311332704,0.4132984938362782,0.9203470945358276,0.8914095759391785,0.920550525188446,0.7717145085334778,0.5439753858293909
0174,0.876105010509491,0.8317956924438477,0.998882293701172,0.7745309472084045,0.5632541080078973,0.9826502203941344,0.9531840682029724,1.001270771026611,0.8052923679351807,0.5542406732862865
0178,0.9568259119987488,1.039470672607422,0.9657608866691588,1.118450164794922,0.4633700054163794,0.8687639236450195,0.9801589846611024,0.9826959371566772,1.0963859558105469,0.4726585999368859
0182,0.8926982283592224,1.0976128578186035,0.7486340999603271,0.9783746004104614,0.4334860034961662,0.7515451908111572,1.076881766319275,0.8575664162635803,1.0065107345581057,0.4600487782522928
0184,1.041096568107605,1.0493566989898682,0.6632798314094543,1.0903040170669556,0.3782424385395077,0.8819554448127747,0.8201307058334351,1.0160638093948364,0.8008671998977661,0.559219807267865
0193,0.7904642820358276,0.914531409740448,0.9860822558403016,1.003812551498413,0.4955449160971192,0.8766311407089233,0.9641024470329284,1.1031370162963867,0.8588551878929138,0.5622535162875185
0200,1.0720596313476562,0.980763852596283,0.9100858569145204,0.6108336448669434,0.5983787144882761,0.987616777420044,1.1999695301055908,0.9970101714134216,0.6313965320587158,0.6122611560584377
0214,1.0611974000930786,1.0002083778381348,0.7984787225723267,0.8979282975196838,0.4706881736779951,0.8510820269584656,1.1287578344345093,0.6931856274604797,0.9760801196098328,0.4152637938337913
0221,1.0062072277069092,0.8805797100067139,1.0736150741577148,0.8616100549697876,0.5547752855436409,1.2133891582489014,0.9377029538154602,1.135547757148743,0.6461943984031677,0.6373244035187977
0230,1.0489091873168943,0.912815809249878,1.1998945474624634,1.0498486757278442,0.5333473325136074,1.0914467573165894,0.8926441669464111,1.1628484725952148,1.1211596727371216,0.5091262369017897
0232,0.8417640328407288,0.838422417640686,0.8443223237991333,0.9520045518875122,0.4700271062895299,0.816518247127533,0.8293964862823486,0.7875905632972717,0.9355114698410034,0.4570771478957405
0238,0.9690914750099182,0.7813881635665894,0.5732130408287048,1.0468473434448242,0.3538220217216929,0.9211077094078064,0.783029317855835,0.5180743932723999,1.0654083490371704,0.3271740064496026
0239,0.9742348194122314,0.8206000328063965,0.8025722503662109,0.9182945489883424,0.4663767411869736,1.3343641757965088,1.131125569343567,1.038659930229187,0.5814051628112793,0.6411223438181448
0299,0.8469313979148865,0.8894129991531372,0.8417453169822693,0.9214602708816528,0.4773948779986723,1.0915791988372805,0.8555866479873657,0.8815680742263794,0.9244133830070496,0.488137943059897
0308,0.9692749381065368,0.7862778306007385,0.9541682004928588,0.7515169978141785,0.5594046315700607,1.0041954517364502,0.7658844590187073,0.944105863571167,0.8715714812278748,0.5199744688975484
0315,0.9992520213127136,1.1483606100082395,0.8497548699378967,0.8762595653533936,0.4923219945736816,0.9955348372459412,0.946736752986908,0.838866114616394,0.9066499471664428,0.4805834403374144
0319,0.7824188470840454,1.0218147039413452,0.6070616245269775,1.0248010158538818,0.3720053447717207,1.0148416757583618,0.9494910836219788,0.7815169095993042,0.9180774092674256,0.4598255598198194
0323,0.8615264296531677,0.8636544346809387,0.9064558744430542,0.9077248573303224,0.4996502597937615,0.9718711972236632,0.8317521214485168,0.8569431304931641,0.9987691640853882,0.4617866317612539
0339,0.87894207239151,0.877037763595581,0.8529213666915894,1.035447359085083,0.4516709870256498,0.9575046300888062,0.8593119978904724,0.8780069947242737,0.9137545228004456,0.4900244734841706
0362,0.8014392852783203,1.031414031982422,0.4548683166503906,0.9724059104919434,0.3186972115669906,0.9222219586372375,0.9407669305801392,1.0083619356155396,0.9632059931755066,0.5114517843280243
0426,0.8768031001091003,0.7408509254455566,1.058504581451416,1.106840968132019,0.4888386434055342,0.805239200592041,0.8076550960540771,1.056485891342163,1.059662699699402,0.49924938887345
0428,1.0469751358032229,0.8902570009231567,0.7080941200256348,0.8376523852348328,0.45809200742668,1.051256775856018,1.0188727378845217,0.8635335564613342,0.6018155813217163,0.5893022581488567
0435,0.930603563785553,0.7795997858047485,0.9649030566215516,1.0599511861801147,0.4765296364295066,0.9837469458580016,0.8709905743598938,0.9916753172874452,0.765673816204071,0.5643018213192926
0445,0.6757020354270935,0.8754305839538574,0.8121936917304993,0.8786300420761108,0.480353850617903,0.8637835383415222,0.8287994265556335,0.8244222402572632,0.7844117879867554,0.5124346111976847
0451,1.0748705863952637,1.068784236907959,0.7897652387619019,1.102889895439148,0.4172789982037631,0.90062016248703,1.1400940418243408,0.7778068780899048,1.1030876636505127,0.4135302965772122
0456,1.0052425861358645,1.044037103652954,0.6985424160957336,1.0420255661010742,0.4013301536276441,0.9323375821113586,1.0040483474731443,0.6709357500076294,1.0160809755325315,0.3977054521466578
0460,1.1738520860671997,0.9614375829696656,0.995534896850586,0.9633514881134032,0.5082147203553474,0.9642305374145508,1.0746175050735474,0.8563870191574097,0.7006039619445801,0.5500269616213567
0473,0.7627400159835815,0.9783692955970764,0.7986012697219849,0.9918670058250428,0.4460292763533971,0.7641313672065735,0.859610915184021,0.8437073826789856,0.9810423254966736,0.4623688270432086
0475,0.8460949063301086,0.9120810031890868,1.0656874179840088,1.1158486604690552,0.4885032285375673,0.9772294759750366,0.9288767576217652,1.0973639488220217,1.0550042390823364,0.5098402561787646
0479,0.8147531747817993,0.9024776220321656,0.7318030595779419,0.9075666666030884,0.4463929322620285,1.0159755945205688,0.8778452277183533,0.7475294470787048,0.9521141052246094,0.4398154222547759
0489,0.9084879159927368,0.8022747039794922,0.7967901229858398,0.9346768856048584,0.4601820990942202,0.92765873670578,0.8185139894485474,0.8018836379051208,0.9051769375801086,0.469745273806374
0499,0.9743658304214478,1.183655858039856,0.9147472977638244,1.0876117944717407,0.4568347909493624,0.9775088429450988,1.1498979330062866,0.943871796131134,1.093052625656128,0.4633808626240389
0501,1.131049633026123,1.0861732959747314,0.7572249174118042,1.0790445804595947,0.4123713419392997,0.9876148104667664,0.8526873588562012,0.7580789923667908,1.043186902999878,0.420859015815439
0502,0.9739861488342284,0.7162461876869202,0.8655179738998413,0.9585939645767212,0.4744873136174997,1.0169662237167358,1.0740355253219604,1.0186569690704346,0.6808267831802368,0.5993920019076429
0512,0.9023528695106506,1.0025126934051514,0.5390838980674744,0.9804282784461976,0.3547743190512363,0.8537193536758423,0.9573203921318054,0.5809996724128723,0.9879450798034668,0.3703123843091492
0516,0.9437302350997924,0.839103102684021,1.2199000120162964,1.1713082790374756,0.5101604975485189,0.8191933631896973,0.8374895453453064,1.1474841833114624,0.6953746676445007,0.6226652584344982
0520,1.038740158081055,0.8898720145225525,0.9565986394882202,0.7507157325744629,0.560294374944092,1.0147002935409546,1.0237674713134766,0.9726129174232484,0.6861828565597534,0.5863367462659561
0530,1.0057988166809082,0.883224606513977,0.8777561783790588,0.9842774868011476,0.4713965135655663,0.8912398815155029,1.0515426397323608,0.996390461921692,0.5584466457366943,0.6408326996912505
0534,0.9534741640090942,0.8555055856704712,0.8122376799583435,1.0980607271194458,0.4251889006051395,0.9184432625770568,0.9111886620521544,1.0685354471206665,0.6394426226615906,0.6256142660141271
0536,0.924732744693756,0.8429221510887146,0.6341207027435303,1.0489150285720823,0.3767719784957103,1.009008765220642,0.8670260906219482,0.8036581873893738,0.7554636001586914,0.5154556836369927
0549,0.950484573841095,1.1164910793304443,0.960349440574646,0.6068609952926636,0.6127763177064367,0.8812893629074097,1.0533303022384644,0.9556464552879332,0.6504621505737305,0.5950073682471987
0565,1.2255170345306396,0.6869072318077087,0.9462012648582458,1.0228667259216309,0.480532550835361,1.003779411315918,0.8489079475402832,1.0108870267868042,0.8637534976005554,0.5392431312013396
0568,0.7565981149673462,1.1401050090789795,0.778078019618988,0.9833248853683472,0.4417376722691648,0.8047018647193909,1.0054763555526731,0.8581147193908691,0.9919686913490297,0.4638248815948578
0577,0.9010199904441832,0.6699284315109253,0.7702106237411499,1.0265334844589231,0.4286701816899539,1.1283726692199707,1.276342272758484,1.0657048225402832,0.7404663562774658,0.5900353379837551
0591,1.0883868932724,0.9074286222457886,0.8937568068504333,0.8633880615234375,0.5086415027173647,1.0677547454833984,0.8451045155525208,0.9221706986427308,0.8246492147445679,0.5279140059301329
0606,0.7779098153114319,0.731441080570221,0.7713804244995117,1.0232847929000854,0.429818562588177,0.7424286603927612,0.7625694870948792,0.7752877473831177,1.0511382818222046,0.4244835183913589
0618,0.8395741581916809,0.9720757603645324,0.9594460129737854,1.0029563903808594,0.4889140019624612,0.8607658743858337,1.0047838687896729,0.8822070360183716,0.9992441534996032,0.4688971154098845
0626,1.0638790130615234,0.830116331577301,0.6220909357070923,0.8374257683753967,0.4262307745713214,1.0378766059875488,0.9374533295631408,0.8932294845581055,0.8164957165718079,0.5224403801531103
0652,0.8672511577606201,0.8896196484565735,0.728104293346405,0.9672025442123412,0.4294823077369274,1.1207993030548096,1.087224006652832,0.8225828409194946,0.922564685344696,0.4713543285415131
0656,0.9042827486991882,0.7550625205039978,0.9905138611793518,1.0450650453567505,0.4866005722068941,1.0300105810165403,0.9144690036773682,0.9188817143440248,0.7694531083106995,0.5442532496930491
0657,1.0610430240631104,0.8824601769447327,0.927336812019348,0.8338239789009094,0.5265486355781513,1.0753072500228882,0.8099692463874817,0.922776460647583,0.8916966319084167,0.5085644223244601
0660,0.8653330206871033,0.8282464742660522,0.7561941742897034,1.049175500869751,0.4188583558677843,0.9294912815093994,0.7985618710517883,0.803295910358429,0.9674858450889589,0.4536391384390772
0680,1.0750010013580322,1.1677080392837524,0.7671269774436951,1.1258383989334106,0.4052514571115013,0.8126810789108276,0.9124428629875184,1.0243791341781616,0.8815914988517761,0.5374579838159622
0687,0.8337177634239197,0.8746782541275024,0.8974208831787109,0.7369158864021301,0.5491040153613925,0.7462026476860046,0.833298921585083,1.0126546621322632,0.7205612659454346,0.584263417583019
0693,0.8422421216964722,0.8110592365264893,0.6478065252304077,1.006786227226257,0.3915202238599519,0.8744305968284607,0.8552755117416382,0.6880290508270264,0.8856919407844543,0.4371988770927494
0702,1.0261188745498655,0.8921601176261902,0.8011168837547302,0.8947727084159851,0.4723874048055948,0.9372704029083252,0.8754801154136658,0.9004255533218384,0.796387255191803,0.5306569754031548
0705,0.8558509349822998,1.453121542930603,0.5344972610473633,1.0295491218566897,0.3417400318481554,0.9066641330718994,1.1149564981460571,0.6686779856681824,0.9789196252822876,0.4058503003512997
0709,0.9594654440879822,0.9221839308738708,0.6831244230270386,0.878320038318634,0.4374951780230582,0.8857553005218506,0.8352375626564026,0.8694018721580505,0.790893018245697,0.5236430447744063
0718,0.895344614982605,0.8744564652442932,0.6570734977722168,1.0000394582748413,0.3965170237659046,0.754844069480896,0.8396869897842407,0.6512048840522766,1.013583779335022,0.3911636942169733
0724,1.0815056562423706,0.7973744869232178,0.7910808324813843,0.9949071407318116,0.442937379144386,1.125056505203247,0.952864110469818,1.1332496404647827,0.8435479402542114,0.573275509311037
0725,0.9597774147987366,1.0437978506088257,0.9369251132011414,0.6729814410209656,0.5819748420565196,1.2232334613800049,1.284002423286438,0.9865928292274476,0.6355308294296265,0.6082106153583992
0737,0.9749066233634948,1.3262206315994265,0.8302812576293945,0.7116986513137817,0.5384514106023542,1.1150484085083008,1.0293997526168823,0.7352853417396545,0.9395015239715576,0.4390321875305472
0738,1.1813440322875977,0.78233402967453,0.822541356086731,1.0644049644470217,0.4359113699737631,0.9604042768478394,0.7441568374633789,0.7707536220550537,1.0509027242660522,0.4231059404747276
0742,1.0626530647277832,0.9037200212478638,0.9396015405654908,1.047972559928894,0.4727378666581731,1.0338001251220703,0.9944093823432922,0.9581450819969176,1.1340824365615845,0.4579545355560104
0759,0.797532856464386,1.0064966678619385,0.9169715642929076,0.776519238948822,0.5414682866869697,0.7174094319343567,1.0352420806884766,0.9785573482513428,0.7279961705207825,0.5734114617055835
0770,0.796825647354126,0.735545814037323,1.046044111251831,1.0828518867492676,0.4913551961874353,0.8380368947982788,0.7770241498947144,0.9222962856292723,0.9001757502555847,0.5060688268258695
0774,0.9849125742912292,0.8648375272750854,0.790771484375,1.009843349456787,0.4391674827275726,0.9802356958389282,0.8876542448997498,0.7561506628990173,0.9885470867156982,0.4333992306877223
0783,1.0043878555297852,1.0787769556045532,0.7656771540641785,0.8513156771659851,0.4735192010765769,1.0302603244781494,1.0996201038360596,0.8097877502441406,0.885578453540802,0.4776476893066665
0785,0.903712511062622,1.1244494915008545,0.8818748593330383,1.0520951747894287,0.4559919974547042,0.83644700050354,0.9975229501724244,0.9206013679504396,1.018301010131836,0.4748054249054973
0786,1.0298542976379397,1.4559634923934937,0.3453494012355804,1.0275808572769165,0.2515418382272438,1.1967675685882568,0.998159408569336,0.8323034644126892,0.8074505925178528,0.5075782312520092
0789,1.0550901889801023,0.90092670917511,0.8771371841430664,1.0286176204681396,0.4602571020996347,1.0388957262039185,0.8899563550949097,0.8914258480072021,0.9947658181190492,0.4726061850147782
0794,0.9159175753593444,0.731619656085968,0.8741586804389954,1.099862813949585,0.4428313888582655,0.896193265914917,1.125025749206543,1.0106959342956543,0.9920366406440736,0.5046584583672699
0801,0.9335739016532898,0.8671391010284424,0.7273138761520386,0.8079149723052979,0.473749484586044,0.7429605722427368,0.9113174080848694,0.949936032295227,0.925710141658783,0.5064580116335209
0805,0.8587811589241028,0.744942307472229,0.7260259389877319,0.8479450941085815,0.4612702033646861,0.9019620418548584,0.7707781195640564,0.8367361426353455,0.7073841691017151,0.5418853283214521
0807,1.0688941478729248,1.3406057357788086,0.7150468826293945,1.0234674215316772,0.4112976698015413,1.077966809272766,1.0593270063400269,1.0596965551376345,0.8480314612388611,0.5554756996203931
0813,1.06696355342865,0.9146239161491394,0.8882657289505005,1.077533483505249,0.4518598455378289,0.8869637250900269,0.9754849076271056,0.8784046769142151,0.9880919456481934,0.4706168046731773
0816,0.954828679561615,0.8605102896690369,0.6884438991546631,0.9656149744987488,0.4162148697995518,0.9884392619132996,1.023003101348877,0.864277184009552,0.8246853947639465,0.5117207416907114
0817,1.1618164777755735,1.095951795578003,0.9235399961471558,1.0276082754135132,0.4733315295075501,0.8977372050285339,0.9826290011405944,1.022487998008728,0.9024060368537904,0.5311918365161152
0821,1.3512498140335083,0.9895236492156982,0.5851544737815857,1.0183701515197754,0.3649176720979236,1.2054611444473269,0.9290936589241028,0.6059127449989319,1.0420942306518557,0.3676639441359141
0829,0.8246855139732361,0.786492109298706,0.6255020499229431,0.930131494998932,0.4020883012986634,0.8395289778709412,0.9853571653366088,0.8706810474395752,0.8750964999198914,0.4987353905758309
0834,1.174625039100647,1.0381470918655396,0.943656325340271,0.6551177501678467,0.5902374445558378,1.1009234189987185,1.0676771402359009,0.8585790991783142,0.8633760213851929,0.4986071288540542
0835,0.9586705565452576,0.9713530540466307,1.0224913358688354,1.1070255041122437,0.4801517960279518,0.9387657642364502,1.0791338682174685,1.0334293842315674,0.7850069999694824,0.5683065916640847
0836,0.8874313235282898,1.166617751121521,0.5966798663139343,0.9889988303184508,0.3762930454983416,0.9301100969314576,1.0872098207473757,0.4723861813545227,1.0024290084838867,0.3203019498910765
0838,1.1370466947555542,1.4266643524169922,0.9215677976608276,1.2764742374420166,0.4192675947611897,0.9300820231437684,0.8092475533485413,0.7911895513534546,0.9754488468170166,0.4478503080907555
0841,1.1020957231521606,1.6451754570007324,1.1811935901641846,1.322728991508484,0.4717372646974521,1.1153775453567505,1.0302678346633911,1.1746065616607666,0.7836335301399231,0.5998276544225154
0858,1.0315065383911133,0.9832743406295776,0.9471209049224854,1.0855239629745483,0.465954933601568,0.9989683032035828,0.9904146790504456,0.9606202244758606,1.0025386810302734,0.4893237227471779
0869,0.9792429208755492,0.9488368034362792,0.9835610389709472,0.8661418557167053,0.5317400114710286,1.0417288541793823,1.1287323236465454,1.0534336566925049,0.8175410032272339,0.5630400446870056
0875,1.1085965633392334,0.9632222652435304,1.013393759727478,0.756657063961029,0.5725224076013832,1.0885971784591677,0.9984253644943236,1.0593979358673096,0.7775148153305054,0.5767274110323255
0910,0.7546353936195374,0.8133167624473572,0.6043850183486938,1.0263264179229736,0.3706265894350299,0.7170749306678772,0.8347491025924683,0.6053731441497803,1.0135266780853271,0.3739410774287693
0912,0.9310919642448424,0.846276581287384,0.827628493309021,1.02415668964386,0.446935476361431,1.025261640548706,1.0420019626617432,1.0105372667312622,0.9021002650260924,0.5283475041266291
0924,0.9864052534103394,1.1587059497833252,0.8160862326622009,1.087533950805664,0.4287022376211714,0.9842212200164796,1.0140011310577393,1.0180816650390625,1.067995309829712,0.488036480348511
0927,0.8726757168769836,0.8344748616218567,1.15800940990448,1.2228201627731323,0.4863890396471048,0.8825228810310364,0.871391236782074,1.1420462131500244,1.2013548612594604,0.4873456042732522
0933,0.8961418867111206,0.8229421973228455,0.8927156925201416,1.01280415058136,0.4684893181687533,0.946580171585083,1.044567584991455,0.943870484828949,1.06570303440094,0.4696869635906494
0936,0.8627534508705139,1.1755598783493042,0.5028770565986633,0.9440962076187134,0.3475372134972492,0.8364469408988953,0.8961101174354553,0.6408801078796387,0.9076123237609864,0.4138735807618728
0937,1.1252403259277344,1.085843801498413,0.7508020401000977,0.9437307715415956,0.4430731789310319,0.8657553195953369,1.0285848379135132,0.9563645720481871,0.721165120601654,0.5701029172052401
0938,0.9332993626594543,0.7991366982460022,0.883880615234375,1.082529067993164,0.4494895556729258,0.936559796333313,1.0553988218307495,0.9703406691551208,0.6206544637680054,0.609895434917154
0940,1.142493486404419,1.050337314605713,0.6706625819206238,0.9776154160499572,0.406886812988756,1.0678188800811768,1.1502012014389038,0.7021097540855408,0.9955165386199952,0.4135832230502234
0943,0.9034106731414796,0.9142081141471864,0.922286331653595,0.9338944554328918,0.4968731157940537,0.9637953639030457,0.8738633990287781,0.915253520011902,0.7993889451026917,0.5337868028463569
0945,0.9364283084869384,0.7417716979980469,0.911453664302826,0.9768437147140504,0.4826854466613092,1.1149598360061646,0.8139653205871582,1.009884476661682,0.8145782351493835,0.5535243168141754
0947,0.9312258958816528,0.8272322416305542,0.7496311664581299,0.8525195121765137,0.4678905523599544,0.8387942314147949,1.0864113569259644,0.6173524260520935,1.021505355834961,0.3766967655756861
0953,1.072851538658142,0.9947496056556702,0.6079806089401245,0.976524531841278,0.3837037778600033,0.8264967203140259,0.9747886061668396,0.9016302824020386,0.8351159691810608,0.5191491163784144
0958,0.8895871043205261,0.7287017703056335,0.6216390132904053,0.9035906195640564,0.4075707680288373,0.949363112449646,1.136754035949707,0.917352020740509,0.7563727498054504,0.5480901258892069
0972,1.0652787685394287,0.9680742621421814,0.6225245594978333,0.9639183282852172,0.3924027545519571,0.935614049434662,0.9807984232902528,0.9420230984687804,0.9254024028778076,0.5044501626892445
0975,0.7658839821815491,0.8196814656257629,0.9200848937034608,0.8289430737495422,0.5260549918577152,0.7032178044319153,0.8045536279678345,0.9143996238708496,0.8266589045524597,0.5251975211733554
0992,0.9665416479110718,0.8755539059638977,0.9990675449371338,1.015116572380066,0.4960159976694829,1.0630431175231934,1.0090360641479492,0.9797565340995787,0.724078893661499,0.5750300278777488
0994,0.8985087871551514,0.9262694120407104,1.03268563747406,0.6452534794807434,0.615448812429365,1.0074374675750732,0.8969184160232544,1.0099685192108154,0.6153929233551025,0.6213808769789827
