rule,KID,FID,RInc,RDin,Bal
pix,0.030455094657068305,218.8728851120993,0.9130929708480835,0.8562524020671844,0.04105936363721349
tex,0.05036434525655853,247.92831630524108,0.8969786465167999,0.8493331372737885,0.04008232067945608
gauss,0.02529315809084265,216.20162076878225,0.9190911054611206,0.8474790751934052,0.10291260010693956
ot,0.019034930161086816,208.19591297392748,0.9243140518665314,0.8505772054195404,0.08089021204523739
hard,0.03019161715867469,211.82004438967365,0.9428200125694275,0.8706014156341553,0.04352204286894251
tm,0.01194180360063779,203.99821228241038,0.9482638835906982,0.9071432948112488,0.06052128513885108
gpt,0.0050742992755945515,193.70100405383974,0.9596214294433594,0.9055743217468262,0.0537888956922872
gptsym,0.008716629493335848,201.06399857885137,0.9534338712692261,0.969445526599884,0.0463769962768793
tmlerp,0.011914523714258607,203.94432400778726,0.9489809572696686,0.9087142646312714,0.060302296473163264
tmmean,0.008415102062830027,201.19440748546737,0.9570019841194153,0.9228855967521667,0.07725952468087896
tmot,0.009890234596770853,204.00801888727196,0.942354291677475,0.9220513701438904,0.07214424905224415
tmhard,0.020612371467173318,215.14044073532713,0.965961068868637,0.9219146370887756,0.05219501372307511
