k,place
0,0.4548405674659577
1,0.4308197120656719
2,0.4893696494591367
3,0.4012011179480836
4,0.4799016369035244
5,0.4838097898915076
6,0.4827219646956044
7,0.6147495189512551
8,0.4534961027454858
9,0.4822248633642209
10,0.4192284613136923
11,0.4911937767712108
12,0.535491057165998
13,0.5382819620415249
14,0.4804927460254798
15,0.5818179497291669
16,0.4246101273399092
17,0.5747925030352776
18,0.5632843667003621
19,0.5254754872168619
20,0.426468740698373
21,0.4656065924956811
22,0.5563184724656205
23,0.47317805727862
24,0.6133932615735316
25,0.7595242715500659
26,0.5794597018490326
27,0.4857163614329448
28,0.4155164469004214
29,0.4660339067800111
30,0.5829153944365936
31,0.3913769350695466
32,0.409715655339872
33,0.5347759299577225
34,0.3792299839880501
35,0.4834388323437116
36,0.549621237324473
37,0.5443569960241599
38,0.6331968314369729
39,0.5162257333027493
40,0.3831169109066688
41,0.5746421173881848
42,0.5183921877683996
43,0.3753070938391948
44,0.4481672035156098
45,0.5259384675682846
46,0.5593974081793801
47,0.6146927420456961
48,0.4702705792247305
49,0.6022603808975472
50,0.5954514811014433
51,0.6852005314428757
52,0.5766313112495124
53,0.4393910411849318
54,0.5513623845992287
55,0.5817261507555803
56,0.4968016828630919
57,0.4610592845690338
58,0.5940329647227521
59,0.4861247487230536
60,0.4823084365620119
61,0.53853327376415
62,0.4882619625741486
63,0.4978144249037432
64,0.4018984587360169
65,0.4160248276128491
66,0.4792060598695716
67,0.3792396677033199
68,0.3758670427487954
69,0.3875634237202919
70,0.499944225734026
71,0.4662996807235159
72,0.4835488734820951
73,0.5041481043259628
74,0.3816915885875329
75,0.5909476989800533
76,0.4533913340917737
77,0.3291115144086502
78,0.4861511639639318
79,0.5173347554224538
80,0.4285863706695769
81,0.5605583402142766
82,0.3806157985925021
83,0.578228092469485
84,0.4902617575704209
85,0.3562710775032687
86,0.6266309700989033
87,0.5317753109723574
88,0.6096495370108663
89,0.5366153340151846
90,0.6609756451364023
91,0.4118461297384932
92,0.5606153486733167
93,0.5279293783497035
94,0.605140985060142
95,0.5975101822650387
96,0.5484432541860385
97,0.6194524542900097
98,0.4397145409497575
99,0.5600145173115851
100,0.5549876704214132
101,0.4762443774159406
102,0.4636476828816383
103,0.4684130039854511
104,0.4918831337223252
105,0.3754818969969808
106,0.4927225319527443
107,0.5628380018312495
108,0.4688832035606865
109,0.6672929790473174
110,0.4441808454446764
111,0.4087349203250808
112,0.5254881694188804
113,0.5993646438444268
114,0.5245306322459339
115,0.5731569376462903
116,0.4733593501567664
117,0.5297002134497243
118,0.479637172797436
119,0.5130326754479715
120,0.533869883771643
121,0.4512469666945367
122,0.5239035450196278
123,0.525128886091863
124,0.5377590528668124
125,0.4337667619878698
126,0.4919030470175198
127,0.5507168131277714
128,0.6318726653019013
129,0.4112515988180563
130,0.4738799852184644
131,0.4885483648140857
132,0.5498879160952616
133,0.3998513432917454
134,0.376862017297951
135,0.563306779838275
136,0.5023638562089889
137,0.3369838503724921
138,0.3858316838458357
139,0.4969682499407629
140,0.4810617592196205
141,0.3963105988281157
142,0.3254755716141284
143,0.3635737345692471
144,0.4372513682887349
145,0.373484036819516
146,0.4184795660421129
147,0.5040545153726489
148,0.4277750417740443
149,0.5176986707068958
150,0.5115345605580068
151,0.4165106683836583
152,0.4399520440241757
153,0.5621076528444507
154,0.3582225185756076
155,0.4986830356290787
156,0.4888267864005921
157,0.5350778695752025
158,0.5406940521540673
159,0.5723225196228211
160,0.4678704741611865
161,0.5068931521949693
162,0.671518317203934
163,0.5427200435581553
164,0.5876721463611255
165,0.6165672217221314
166,0.4815808246401687
167,0.5050135430811203
168,0.5033230707212276
169,0.6006826020494697
170,0.4980953856169877
171,0.4831128344590504
172,0.5301183858400934
173,0.5822822541021104
174,0.4314034692410735
175,0.4328540863753496
176,0.4825954239576342
177,0.5712370023652974
178,0.4964292244855161
179,0.4946028816195142
180,0.5134432775355454
181,0.5127746835864626
182,0.4812636316429302
183,0.4481149116765083
184,0.5532214897998857
185,0.4977188404676447
186,0.4565010257126171
187,0.5401269014550648
188,0.5017997125617725
189,0.5319409936760996
190,0.5826090485017914
191,0.4758627375192321
192,0.4852506335930849
193,0.4697637625035112
194,0.3481866296814538
195,0.6255116057886067
196,0.4993803614326735
197,0.4697567683191676
198,0.6064847602553615
199,0.6533555135879303
200,0.651259217721134
201,0.4905024389826802
202,0.4940490987975474
203,0.6115126826698611
204,0.4125681401077642
205,0.6853186314976266
206,0.5916199184139302
207,0.3765787176986079
208,0.5196643301416629
209,0.5244465364467721
210,0.4148670779574158
211,0.4886706134800144
212,0.5159257272331692
213,0.5192394245805882
214,0.3919861951826764
215,0.3740455653818366
216,0.3580135370614685
217,0.4671189900393049
218,0.4821146200374462
219,0.5061078010611904
220,0.5072764530409525
221,0.6215560770641879
222,0.5268565446602349
223,0.5291781572162865
224,0.4215263628299162
225,0.6346003278091594
226,0.4362484271256688
227,0.5920330658299597
228,0.5527207945069206
229,0.682141981085197
230,0.4672217791052347
231,0.4458723365010236
232,0.433669588408421
233,0.5223026853211507
234,0.5872222689758068
235,0.4642423377649027
236,0.4978600665505478
237,0.5087515782198472
238,0.4841088402558817
239,0.7532958739611584
240,0.4615104068345927
241,0.5318532913613642
242,0.55376266886842
243,0.4332444262868914
244,0.5470333012298704
245,0.5559014418945115
246,0.5157283753213405
247,0.432610909358992
248,0.3908064730497133
249,0.648842609342795
250,0.4961045186296592
251,0.633030181145502
252,0.5634635178261842
253,0.3905570078791963
254,0.613818252237711
255,0.3934844509107939
256,0.4359857189243327
257,0.5848756900261464
258,0.5055765664974242
259,0.4844267595986204
260,0.6543470003364864
261,0.4746467876940929
262,0.5309548238162246
263,0.5832462173430958
264,0.534794385228029
265,0.4847479343452753
266,0.5754322374453315
267,0.5877948529085878
268,0.4801471329520397
269,0.4969702875049387
270,0.5991221813585816
271,0.5035089234028228
272,0.4570672322812667
273,0.3964428760309549
274,0.5339103254948111
275,0.5107419026002027
276,0.5614736909058042
277,0.4398492717237219
278,0.5868968211116379
279,0.5339600936109972
280,0.4225341033289205
281,0.4259741054828309
282,0.5051374932822578
283,0.3382047572724299
284,0.6205378721151553
285,0.5020971286905234
286,0.6002447247182031
287,0.503707515790208
288,0.4734492804535875
289,0.3873641950387468
290,0.3126391014002224
291,0.4091310329786614
292,0.3897884386666559
293,0.5296065661596104
294,0.439135827758276
295,0.5162551864999113
296,0.5650841876581524
297,0.4526294019341815
298,0.5193016872868618
299,0.5996513460676534
300,0.513345960330922
301,0.4154291487724111
302,0.4778378634967125
303,0.5899617110980396
304,0.412146826379937
305,0.5096245937298096
306,0.43483936715411
307,0.4894356840302899
308,0.5133599052878218
309,0.4894207576614313
310,0.482418309073462
311,0.5787219888952204
312,0.4482240733764265
313,0.6533977325661214
314,0.6656887217247016
315,0.4292676124409422
316,0.4244611197226627
317,0.5218587271783656
318,0.4576061367594076
319,0.5709847619900353
320,0.6344790097874933
321,0.4957391026794803
322,0.3242084093222385
323,0.5268079284826013
324,0.2912504218739229
325,0.4327090118250878
326,0.5496170064776215
327,0.5079042325795688
328,0.3595666702758376
329,0.547412694204539
330,0.5894484895624178
331,0.5117607130017702
332,0.311065868058799
333,0.5528224985776288
334,0.5898429452663243
335,0.4272122665480515
336,0.5719096274262537
337,0.485223186085737
338,0.6454762534062646
339,0.5403292588873135
340,0.4876093399559164
341,0.4328666008987274
342,0.529074237080309
343,0.5240584029037261
344,0.5485887442594226
345,0.5741964702298578
346,0.5121695629541039
347,0.4703869629924559
348,0.5820919002891027
349,0.4766476231448176
350,0.6276648386439264
351,0.4985720375887507
352,0.4455781186758363
353,0.3485072352814101
354,0.5512959162128528
355,0.3484084254041413
356,0.5340989268785268
357,0.5014967212903755
358,0.3992777900779511
359,0.4387155713364499
360,0.4296581895903767
361,0.5054932665791806
362,0.4593864950710766
363,0.4702431550633998
364,0.4333563581626681
365,0.5430919074672137
366,0.5563871685599081
367,0.3876396277511336
368,0.361295613030505
369,0.5311100822986651
370,0.4878312342986988
371,0.3201774566655476
372,0.5171202840941757
373,0.5408161309204813
374,0.4495734712063056
375,0.5278148452714194
376,0.5354649636197593
377,0.3977905296260313
378,0.6170749380061664
379,0.5076683712805709
380,0.4535722991914127
381,0.5561107242901712
382,0.4817006792177926
383,0.5871570295836973
384,0.5343265466694271
385,0.5091497711000907
386,0.4974731966455562
387,0.619437114938424
388,0.4050207613487002
389,0.4885060593893445
390,0.4581442143670111
391,0.5156619214121103
392,0.3793398103233417
393,0.4107798368027311
394,0.423767094433729
395,0.5583965678743867
396,0.4619431162329037
397,0.4646934162130961
398,0.428540811831604
399,0.5839660705280405
400,0.408023332802191
401,0.3947440824170772
402,0.5783574944972957
403,0.5805710777782246
404,0.4593837920155871
405,0.4978825713634095
406,0.4613950965705961
407,0.5146691390441847
408,0.3816563854700711
409,0.5068476022542988
410,0.516169636941106
411,0.4525030650654799
412,0.4466963027458293
413,0.4362879786706433
414,0.5299568199252874
415,0.2826862856991934
416,0.3275135449059992
417,0.5100272923703073
418,0.4750745553080783
419,0.4434214339039771
420,0.5019520800913225
421,0.5265948999567513
422,0.4403154633672779
423,0.529226902290723
424,0.5546457035002573
425,0.5931653615478013
426,0.4881124007537782
427,0.4852567813000092
428,0.3718878280199608
429,0.4945141152881562
430,0.5160423398843307
431,0.4622330179495209
432,0.4256028396893773
433,0.4197697417319611
434,0.4689649205260998
435,0.4887756844373844
436,0.422484878925347
437,0.605158191735676
438,0.5995434771794899
439,0.5748285568502801
440,0.5731907716771694
441,0.3591604853234887
442,0.5154672384030294
443,0.6322388790000198
444,0.5210343107423787
445,0.5553396725912686
446,0.5446173790185773
447,0.5186123413720691
448,0.5334044004841872
449,0.6070805523403782
450,0.4339640835457166
451,0.5302668494876911
452,0.5292942854520993
453,0.3885330443415426
454,0.4899371421581103
455,0.5815117521584832
456,0.4370053635863571
457,0.3503003343175396
458,0.3158462645945725
459,0.3484286892944689
460,0.654192644897928
461,0.5761715058822654
462,0.4262860638582955
463,0.4225403896580504
464,0.4259568136023441
465,0.4742185247966811
466,0.5666443272067109
467,0.3411203935022796
468,0.5788157551969583
469,0.5282144762167614
470,0.5778505424094924
471,0.578532749375023
472,0.5438489795628139
473,0.3773299265958569
474,0.6276591266120601
475,0.5067014464020899
476,0.4980706655073523
477,0.5324160294983984
478,0.5212127966845929
479,0.5729315851618498
480,0.4816418476692972
481,0.4585726251206808
482,0.3948570723151141
483,0.6232318229942782
484,0.4696781825250433
485,0.4230074582041973
486,0.6782520390637388
487,0.5448134670041437
488,0.4351524417927622
489,0.5765119481721048
490,0.6477777884245461
491,0.4524857148036071
492,0.4891333981585923
493,0.4438632406182382
494,0.4209493232163488
495,0.3938353746312605
496,0.3647088185444651
497,0.6510295970556182
498,0.4587672416718866
499,0.5220705772613654
500,0.4505391026940096
501,0.536784217775981
502,0.4829506810250916
503,0.4174775006728152
504,0.2951298524827589
505,0.4690096936207452
506,0.534104377862453
507,0.5020815367925909
508,0.4507366179871382
509,0.456777233538117
510,0.6896520866142792
511,0.4579142717813066
512,0.3622868580996904
513,0.5386661953527928
514,0.4112818265952477
515,0.6139229227925491
516,0.4508108326620526
517,0.5597147300936692
518,0.5851490727204076
519,0.5251856675658175
520,0.5866196504096831
521,0.512866623583196
522,0.5113485057188661
523,0.6375012612214308
524,0.5094178635439537
525,0.4520698724643839
526,0.4849092321086248
527,0.4944549304118165
528,0.4870535877481639
529,0.7122445057624502
530,0.5888100809625472
531,0.485424920086142
532,0.4446135433460479
533,0.6163922802566714
534,0.5158271504294804
535,0.4849303717729925
536,0.5575008936549152
537,0.4684461143952792
538,0.3627814874285462
539,0.5288517276326191
540,0.5590853522857075
541,0.4766314356317951
542,0.5706920226654271
543,0.5038385679614337
544,0.5797106733128007
545,0.5229864607304898
546,0.5968465686376684
547,0.4003580660135267
548,0.5322269242440812
549,0.6856231187692083
550,0.4843315429766079
551,0.5883815452806536
552,0.506966389675753
553,0.3783654858379808
554,0.5642093620372137
555,0.5756390198564448
556,0.487668867378871
557,0.6243076185336381
558,0.3297955019225196
559,0.461840699598719
560,0.3783478823283808
561,0.5386465697364972
562,0.5210253923701289
563,0.6397141487873858
564,0.5830579432674978
565,0.492721297101366
566,0.485806541773728
567,0.4601990454341904
568,0.34909014243153
569,0.3822355789957727
570,0.6914414711746925
571,0.6138228398025314
572,0.6099837182009239
573,0.5445266634335424
574,0.44033868446948
575,0.5020306851647087
576,0.4618823745580753
577,0.3849605026376088
578,0.3831126818103975
579,0.5464320336137336
580,0.5918640633128645
581,0.5717410742011607
582,0.3815706957623628
583,0.3704666895356516
584,0.5851268829732759
585,0.5458256183539464
586,0.6076958027612361
587,0.3780602174867094
588,0.5193698234545434
589,0.4729454882561563
590,0.619095303816013
591,0.5401551246589098
592,0.3398424831396543
593,0.4625056478873609
594,0.4253912444399199
595,0.4958825536815458
596,0.4899457626354273
597,0.588129337276617
598,0.4077130016897592
599,0.5554759932227729
600,0.5002880592739976
601,0.5902907684542237
602,0.6928406285043907
603,0.4110336762685586
604,0.3982798297940994
605,0.4743485054995231
606,0.4112236592003735
607,0.4453724431097241
608,0.5140970534601648
609,0.4300171393434118
610,0.597350264707586
611,0.4339212682567659
612,0.4021224355749295
613,0.4488641301611202
614,0.585849599916246
615,0.5752226561716667
616,0.5621838053019473
617,0.609011595699697
618,0.4517205063789583
619,0.4315245905568655
620,0.4714928683922847
621,0.4172067637595208
622,0.4990522490119561
623,0.5754354246339964
624,0.4669535020963498
625,0.6291654401592717
626,0.3722866189140456
627,0.5802536030156747
628,0.6105767883632367
629,0.5226624920854125
630,0.5549923186479729
631,0.4953881429232826
632,0.4623316672897005
633,0.6273118088133292
634,0.479359003228436
635,0.4863292871810453
636,0.2898190218545631
637,0.3265823827611417
638,0.4960327382743974
639,0.5057610782142413
640,0.5156509848633405
641,0.3729410839948555
642,0.5776793088553461
643,0.4758299382983828
644,0.5139048421326603
645,0.6085462332214547
646,0.4300390265238778
647,0.3944135043966065
648,0.4847735024437798
649,0.4140875978695877
650,0.4038333918641671
651,0.532252444577057
652,0.4370860945522664
653,0.4873114325597269
654,0.5177402221530293
655,0.5079840458561727
656,0.4940255934869581
657,0.4942393128469192
658,0.507738604184543
659,0.5015023551153601
660,0.397342468366858
661,0.6408841116211633
662,0.4500272520470237
663,0.4748689805596667
664,0.5265837598185525
665,0.5176224827347141
666,0.4004403012357634
667,0.4840253962591889
668,0.3779797984375098
669,0.6086591546350191
670,0.3820966585543331
671,0.4372990277493472
672,0.5638055230322514
673,0.55079550392405
674,0.4908745556469518
675,0.5647758063724185
676,0.5329878735870779
677,0.5583801486137386
678,0.6706860150364841
679,0.3832216371806035
680,0.5527933649714705
681,0.3719328437349673
682,0.6172937590443852
683,0.5363642797248765
684,0.4227610219100724
685,0.5688439843662868
686,0.4184476490792734
687,0.5242394500126971
688,0.6287301198586569
689,0.5672180378564942
690,0.4169684657830386
691,0.4764551284827214
692,0.5524833984266442
693,0.4225587364072017
694,0.4944340661902852
695,0.4269264775965901
696,0.5603461807663195
697,0.6110419876182117
698,0.4536057030039835
699,0.6076332938520871
700,0.4680638556317465
701,0.5243772564030755
702,0.5476993004217414
703,0.5183606297165305
704,0.471799696071662
705,0.31335912293383
706,0.3787379110119886
707,0.498022314032193
708,0.4340605096999813
709,0.4065099492583068
710,0.5080081423181665
711,0.5915244604451777
712,0.484952880647167
713,0.421985490493202
714,0.4715041936516096
715,0.6265580649650492
716,0.4999093877465949
717,0.5323303108875971
718,0.5507872215663983
719,0.5108785509922191
720,0.5411648117955301
721,0.4454448569069364
722,0.475205497477503
723,0.262652942203673
724,0.6043149297143132
725,0.6856551439415456
726,0.486359582971422
727,0.3583696056206755
728,0.3941692424202843
729,0.5255677562577623
730,0.4142615702147108
731,0.4084984680988986
732,0.6081135452345348
733,0.3314921074668838
734,0.4241344584547638
735,0.5843629830002912
736,0.4568668009063885
737,0.5222560218041096
738,0.4158789633441634
739,0.6186453038771728
740,0.4995733296130499
741,0.5637444317161333
742,0.5139593002082699
743,0.5372019953892019
744,0.5504344140008147
745,0.3917697062202632
746,0.456544870041752
747,0.4933558940859415
748,0.4798218117975615
749,0.5456695286017151
750,0.3748302960947073
751,0.5854784637857615
752,0.4484188494265998
753,0.6463218323079651
754,0.5140730713583261
755,0.4100585108202119
756,0.514268851464092
757,0.5435409154788641
758,0.4316891163321352
759,0.6581227691235483
760,0.4338283084989132
761,0.4474442517979108
762,0.4289207282361563
763,0.4370386035017397
764,0.4624547392030154
765,0.4893370096913367
766,0.4231826058795027
767,0.2999691530686187
768,0.4543611582485053
769,0.6335806586074187
770,0.4997985211113715
771,0.5675025207426875
772,0.4464660299092577
773,0.5953602975677776
774,0.4582625985611699
775,0.3113623490583091
776,0.2915812688026888
777,0.4902873660172223
778,0.620666454780328
779,0.6067733128675666
780,0.5925539169134661
781,0.4345888712684885
782,0.6280428569398085
783,0.4256222148927173
784,0.4503309854763822
785,0.4483263087076756
786,0.583892302987819
787,0.5324689264230646
788,0.5728046752595798
789,0.4672860345688171
790,0.6161821141083583
791,0.406954817264132
792,0.6802802756536881
793,0.4275096936585653
794,0.5216454836237494
795,0.6695548558920091
796,0.5175011396037746
797,0.5051476393830416
798,0.5781595455089708
799,0.4663191314912077
800,0.5756026782959821
801,0.3995386025360841
802,0.5680426358279116
803,0.4821810084705396
804,0.4198013686926089
805,0.5157782232716305
806,0.4444021638231226
807,0.6008521966444195
808,0.5474748966374663
809,0.3832587012299474
810,0.4475873990522298
811,0.5069022898003318
812,0.5176844535599595
813,0.5339346636697044
814,0.6277583322563944
815,0.5375781237856866
816,0.4105205607169143
817,0.6023482124687741
818,0.4757614631002593
819,0.6277513824130734
820,0.3058052826602312
821,0.5287812026146136
822,0.3368908530197204
823,0.5316980310178628
824,0.4428620135335673
825,0.5589465833813885
826,0.4923028536714247
827,0.4862178913624716
828,0.3751908232508279
829,0.5344223784603904
830,0.5375854799278541
831,0.4339898426951338
832,0.5719047126900024
833,0.5700870678410604
834,0.5707230307271739
835,0.5687916841993601
836,0.3159974928367591
837,0.472508052823931
838,0.3926769951820025
839,0.4821110812164012
840,0.3300639271968882
841,0.5580517762903018
842,0.4385936803725287
843,0.4988916734527817
844,0.5918652028721398
845,0.394299162805983
846,0.4192729025818537
847,0.3960650890840324
848,0.5460238628076705
849,0.5039259203975585
850,0.4961982389857015
851,0.5566223209394844
852,0.4571839074358114
853,0.5408673572950675
854,0.4957031490934659
855,0.5319052208217373
856,0.3607437721356065
857,0.556830070329832
858,0.5515115964739608
859,0.5236694931297654
860,0.4783387052947933
861,0.4979940291496759
862,0.5251296756223774
863,0.5397313408715744
864,0.5881335784542319
865,0.4808698033345874
866,0.5749585824869211
867,0.4638994520846723
868,0.4919367874785122
869,0.624313869138354
870,0.5491821381740684
871,0.498717644761358
872,0.5161015090597154
873,0.5273510885141213
874,0.4788863983141488
875,0.4243446729384074
876,0.5269503270918133
877,0.3729422321914752
878,0.6218087032965093
879,0.4449432390544171
880,0.4938876311362702
881,0.3996766596309787
882,0.5811157992818449
883,0.6404278096471431
884,0.5707969666320707
885,0.4669047710613007
886,0.4842821587318327
887,0.5090045118590832
888,0.5176292037288857
889,0.4375083601213028
890,0.4905918088974711
891,0.467081174545194
892,0.3918218580884455
893,0.6044168398028004
894,0.5173111957253166
895,0.4336768223918488
896,0.4332829250864494
897,0.371295712799245
898,0.4983461688045899
899,0.4676377216052441
900,0.5737896884338315
901,0.5022923574469201
902,0.4099421466899555
903,0.4731243572678022
904,0.5262708400084906
905,0.5061620962962464
906,0.3654947718117151
907,0.3765729354983153
908,0.5027208549848114
909,0.555772920080502
910,0.5498046115312033
911,0.3501838786721601
912,0.565918962369331
913,0.3620456623466028
914,0.5370166399083217
915,0.4054699771198718
916,0.5813149747854067
917,0.3833889769643052
918,0.4829907733320486
919,0.5522771848921373
920,0.5108452534317168
921,0.5111904942745665
922,0.5298588002763627
923,0.623794837580017
924,0.5351797832260671
925,0.4898250406037064
926,0.464206133933904
927,0.4875157651699424
928,0.504416741245452
929,0.3841095977288407
930,0.5904296866874197
931,0.498668365168897
932,0.5688513976624847
933,0.4964319452097275
934,0.3872110177559946
935,0.3414136069631885
936,0.3686228849913435
937,0.5559072055751343
938,0.6053169533446643
939,0.4120692343911902
940,0.408060174609706
941,0.5671853935796493
942,0.3814494186370246
943,0.5917767933194817
944,0.4331646528598733
945,0.5586051588455248
946,0.4161035204186906
947,0.3491357749242113
948,0.3830336070357162
949,0.6088621148327612
950,0.5220158496572237
951,0.4374986554404726
952,0.4541087266796217
953,0.592157048196384
954,0.5521346979360906
955,0.5232040745018938
956,0.5083157946229403
957,0.3122685571086017
958,0.422329743636029
959,0.4930398862327469
960,0.5567345400530631
961,0.6106905201233758
962,0.4545206689450752
963,0.5269109814079804
964,0.5491183693704058
965,0.5881730422130054
966,0.4805413073397473
967,0.5343114711409385
968,0.5853323045269723
969,0.4707599847021299
970,0.469453738829128
971,0.4263107198971032
972,0.4408881179013999
973,0.4261357192387213
974,0.5693155576373902
975,0.5211969587386887
976,0.5651038937387564
977,0.5009459108756931
978,0.6086311777363832
979,0.546697901459921
980,0.4816397800024036
981,0.5259916751129414
982,0.5493059709950361
983,0.57526320579918
984,0.7147499589510005
985,0.496243101174649
986,0.351605296743835
987,0.5105393891820423
988,0.4529714159341543
989,0.4225217753132966
990,0.444726646019103
991,0.4639387972159481
992,0.5343596672586916
993,0.4359624036496284
994,0.3928958879810958
995,0.4632409416976504
996,0.3762782422330288
997,0.50483393919275
998,0.567283133536283
999,0.7143764746574949
