k,real_inc,real_dino,dA,dB,place
6,0.8779431581497192,0.8428025245666504,0.8723063468933105,1.0102474689483643,0.46336329888128375
9,1.1029953956604004,0.8502508997917175,0.591499388217926,0.9712088108062744,0.3785091728633445
17,0.9096688032150269,0.8204779624938965,0.8219208717346191,0.9715146422386169,0.458294075740373
22,0.9566501975059509,0.8624039888381958,0.7442640066146851,0.8655697107315063,0.4623235295253224
53,1.027286410331726,1.1114639043807983,0.43198519945144653,0.9760860800743103,0.30679213859837295
68,0.9737719297409058,1.01397705078125,0.5763269066810608,0.9508662819862366,0.37737655627354844
69,0.8875755071640015,0.7624703049659729,0.6186436414718628,0.905085027217865,0.4060064326267716
91,0.8917204141616821,0.7667567729949951,0.7775722146034241,0.8114722371101379,0.4893332047920925
99,1.2394870519638062,0.8814091682434082,0.8876100182533264,0.9551321268081665,0.48167890453388834
110,0.9270167350769043,0.8346278667449951,0.656119704246521,0.9067975878715515,0.4198044945408084
140,0.9533903002738953,0.8901086449623108,0.7511306405067444,0.7483115792274475,0.5009400363149427
142,0.8921438455581665,1.2255866527557373,0.2959144115447998,0.9582673907279968,0.23594219815070586
143,0.911584734916687,1.0426167249679565,0.4601316750049591,0.944874107837677,0.32749450592759616
156,0.9225532412528992,0.7698884010314941,0.7751845121383667,0.8852735161781311,0.4668498079758508
168,0.9059960246086121,0.7693705558776855,0.5754703283309937,0.8676873445510864,0.39875776482758396
174,1.0751984119415283,0.8619195818901062,0.5929174423217773,0.9457822442054749,0.3853366885871133
178,1.0697386264801025,1.0171380043029785,0.6341465711593628,0.9768039584159851,0.39364745168982845
182,1.0898479223251343,0.9780827760696411,0.858803927898407,0.7308279275894165,0.5402533450706455
184,0.8190615177154541,0.8264231085777283,0.721727192401886,0.9294881820678711,0.4370884641239248
193,0.8119911551475525,0.8262380957603455,0.5275797247886658,0.8986424803733826,0.369914114721561
200,0.9749137163162231,1.0104906558990479,0.820182740688324,0.6648573279380798,0.5522967073169008
214,0.8979111909866333,0.8391478061676025,0.8889706134796143,0.9309270977973938,0.48847284519488604
221,0.9457437992095947,0.8852856755256653,0.7476136088371277,0.7378380298614502,0.5032904396597054
230,0.8199601769447327,0.8493565917015076,0.7640179991722107,0.9978190660476685,0.43364849895652063
232,0.8437563180923462,0.8591502904891968,0.7130473256111145,0.842842698097229,0.45828902704404023
238,1.0197736024856567,0.7738357186317444,0.5736666321754456,0.9712542295455933,0.3713242833455286
239,0.929139256477356,0.8185945153236389,0.6695886254310608,0.9054827094078064,0.42511638056980106
299,0.990201473236084,0.9350659847259521,0.536037027835846,0.9911131858825684,0.3510047817625353
308,0.9632960557937622,0.8082924485206604,0.5848386287689209,0.944578230381012,0.3823932140460303
315,0.8788236975669861,0.8159199953079224,0.7351041436195374,0.7822619676589966,0.484460630609232
319,0.9260748624801636,1.002461552619934,0.47221267223358154,0.9770609736442566,0.3258271295078514
323,0.8830596208572388,0.7811766266822815,0.5833536982536316,0.7875460386276245,0.42552615784667996
339,0.7688116431236267,0.8130865693092346,0.6088231801986694,0.9576141238212585,0.38866744187436475
362,1.1400659084320068,0.8980212211608887,0.7069045305252075,0.8768993616104126,0.44633337093626885
426,0.8686704039573669,0.8170582056045532,0.8678696155548096,1.0607572793960571,0.44999352512240354
428,0.9720532894134521,0.8950615525245667,0.6113311052322388,1.0432462692260742,0.3694787045319666
435,0.8345507383346558,0.8125644326210022,0.8871917724609375,0.8088992834091187,0.5230802726465342
445,0.8194118738174438,0.9574801325798035,0.533807635307312,1.0238603353500366,0.3426966754277833
451,0.9978343844413757,0.8764727711677551,0.6758809685707092,1.0413609743118286,0.39358517358515005
456,0.9143733382225037,0.8466300964355469,0.5148884057998657,0.9759942889213562,0.3453580937504851
460,0.8755033612251282,0.9139224886894226,0.9373685717582703,0.738644540309906,0.5592847481021709
473,0.7249303460121155,0.9110273718833923,0.527299702167511,0.9819597601890564,0.3493764425334829
475,0.9831033945083618,0.8823559880256653,0.7633904814720154,0.9228268265724182,0.45272366579170203
479,0.8340566158294678,0.87782222032547,0.7109246850013733,0.8514118194580078,0.4550394121350552
489,0.9213820695877075,0.8509035110473633,0.6363852620124817,0.9015900492668152,0.41378119462096663
499,1.0223997831344604,0.8218146562576294,0.6653372049331665,0.9247995615005493,0.4184150813687168
501,1.0880717039108276,0.9006659388542175,0.6624071598052979,0.9215980768203735,0.418184955498131
502,0.9868045449256897,0.8115954399108887,0.8219462037086487,0.8166684508323669,0.5016104310609071
512,0.8363907337188721,1.032015323638916,0.3625088334083557,0.9752108454704285,0.2709901325823389
516,0.8523235321044922,0.8370323777198792,0.867250919342041,1.013042688369751,0.4612316477192109
520,0.9573640823364258,0.867982029914856,0.6856618523597717,0.9763664603233337,0.4125452296539546
530,0.9562720656394958,0.8334554433822632,0.6648311614990234,1.0467954874038696,0.3884206649485983
534,0.9730538725852966,0.8596651554107666,0.7221013307571411,1.0047683715820312,0.418156233420996
536,0.9048214554786682,0.794025182723999,0.7497283220291138,0.9631012678146362,0.43771331721318124
549,0.8283406496047974,0.8297642469406128,0.7187808156013489,0.8533149361610413,0.45721185515472024
565,1.0178567171096802,0.7161127328872681,0.7417353391647339,0.9318118691444397,0.44321148219709683
568,1.1017680168151855,1.0945019721984863,0.5741099119186401,0.9158626794815063,0.3853157533547821
577,1.0149729251861572,0.6948557496070862,0.6031981706619263,0.9621986746788025,0.38533242996621725
591,0.8643144369125366,0.8579937219619751,0.8257157802581787,0.7672397494316101,0.5183545707020606
606,0.7593793869018555,0.8091251254081726,0.45687705278396606,0.9845646619796753,0.316958395048199
618,0.8628454804420471,0.8053836822509766,0.5750980377197266,0.9877433776855469,0.36798233760820237
626,0.9674103856086731,0.8224065899848938,0.46389973163604736,0.8874922394752502,0.3432754827685491
652,1.0491451025009155,0.7820082306861877,0.8014932870864868,0.92567378282547,0.46405081510921375
656,0.940133810043335,0.8743662238121033,0.8124541640281677,0.7823549509048462,0.509436619035662
657,0.9523741602897644,0.7665539979934692,0.6289392709732056,0.9092991352081299,0.4088698267036983
660,0.9330282807350159,0.8470398187637329,0.6490299701690674,0.886203944683075,0.42275640439380124
680,0.9263461828231812,0.9261546730995178,0.8745723366737366,0.9983781576156616,0.4669489871052904
687,0.8664759397506714,0.9660457968711853,0.618988573551178,1.0436745882034302,0.3722874166079869
693,0.8968468904495239,0.7582302093505859,0.4169105291366577,1.0269464254379272,0.2887478067179775
702,0.9950419664382935,0.7953221797943115,0.5159972310066223,0.9277161359786987,0.3574097479797449
705,0.8973652720451355,1.029486894607544,0.46507853269577026,0.9346383810043335,0.33226613739637173
709,0.8920954465866089,0.9705604314804077,0.5750485062599182,0.9085605144500732,0.3876011117788456
718,0.8708415031433105,0.9033987522125244,0.4406650960445404,0.945456326007843,0.3179123334477798
724,1.1267597675323486,0.8672598004341125,0.7631039023399353,0.9330134391784668,0.4499122102052653
725,0.9993292689323425,0.8191893100738525,0.8640822768211365,0.911980390548706,0.48651564621547594
737,1.3859630823135376,0.9120658040046692,0.6523452997207642,0.8600714802742004,0.43132640943828304
738,0.8515022993087769,0.747890055179596,0.6738837957382202,0.8856951594352722,0.432093414104297
742,1.143417477607727,1.0516695976257324,0.7685057520866394,0.8348008394241333,0.4793255112131498
759,0.8348853588104248,0.7562981843948364,0.9360533952713013,1.0653976202011108,0.4676873865847137
770,0.8242338299751282,0.8715643286705017,0.6932941675186157,0.9347904324531555,0.42583423926791164
774,0.8608147501945496,0.8514307737350464,0.4261036217212677,0.9596017599105835,0.3074994346287195
783,0.9886036515235901,0.9538593888282776,0.6617540121078491,0.7276469469070435,0.47628728578160473
785,1.1615403890609741,0.8520994782447815,0.6682660579681396,1.0335110425949097,0.3926871840938218
786,1.1371151208877563,1.1362714767456055,0.3906843066215515,0.9583442807197571,0.2896041714741683
789,1.0489318370819092,0.9095879793167114,0.6902254223823547,0.9152727723121643,0.4299135459842554
794,0.8476958274841309,0.839824378490448,0.7151279449462891,0.8591993451118469,0.4542435038813547
801,0.8976909518241882,0.9519457817077637,0.47251448035240173,0.940649688243866,0.334366304013635
805,0.9680185317993164,0.7489099502563477,0.5360766053199768,0.9341886639595032,0.3646121663596631
807,0.9447129964828491,0.8751713037490845,0.7480173707008362,1.0037814378738403,0.4269995884301629
813,0.9043337106704712,0.84364253282547,0.6674710512161255,1.0156145095825195,0.3965758285650233
816,0.7609551548957825,0.7324174642562866,0.7613799571990967,0.795886754989624,0.4889207165033824
817,1.1468254327774048,0.8474036455154419,0.8121242523193359,0.9949119687080383,0.44942333884607283
821,0.9570398330688477,0.9205828905105591,0.3954766094684601,0.9860767126083374,0.28625504557993553
829,0.8732712864875793,0.8457468748092651,0.7751274704933167,0.7653544545173645,0.5031720641478933
834,1.001955509185791,1.1037235260009766,0.7613447308540344,0.7383363842964172,0.5076710793080723
835,1.0168298482894897,0.9181097745895386,0.8778550624847412,1.1167280673980713,0.44011956628561183
836,0.9199053049087524,1.0060930252075195,0.4497934579849243,0.941635251045227,0.3232601532098454
838,1.0013840198516846,0.929919421672821,0.481428325176239,0.9936281442642212,0.3263795894081816
841,0.8893250226974487,0.8768537044525146,0.7427197694778442,1.1312942504882812,0.3963256203894056
858,0.9325375556945801,0.8368998765945435,0.7005104422569275,0.9531490802764893,0.4236122565061814
869,0.917157769203186,0.8776951432228088,0.7524097561836243,0.9902940392494202,0.4317485035171507
875,0.9079580903053284,0.7965835332870483,0.6032637357711792,0.9182952642440796,0.396477386265437
910,0.6757025718688965,0.9308559894561768,0.517474889755249,0.9503746032714844,0.35253947483107856
912,1.0288785696029663,0.8781743049621582,0.6415886878967285,0.9533467292785645,0.40226624889347967
924,1.0380988121032715,0.8172421455383301,0.5196906924247742,1.0523624420166016,0.33058086950659193
927,0.8556591272354126,0.8075865507125854,0.9105129837989807,1.0886188745498657,0.45545419104848406
933,0.8760601878166199,0.8441307544708252,0.9825134873390198,0.9253559112548828,0.5149794255037329
936,0.9170700311660767,0.841550886631012,0.5767651796340942,0.8883609175682068,0.39366248430205486
937,0.9005855321884155,0.8402829170227051,0.5197219848632812,0.9240647554397583,0.359971434835469
938,0.8801792860031128,0.8187923431396484,0.7020026445388794,0.8797693252563477,0.44380774062265843
940,1.1571279764175415,0.8889958262443542,0.4005809724330902,0.9792846441268921,0.2903043364044666
943,0.86867755651474,0.7755770683288574,0.7436016798019409,1.010275959968567,0.42397580225452
945,0.887528657913208,0.7955552339553833,0.8261303901672363,0.8851485848426819,0.4827561150160757
947,0.9096077084541321,0.9222066402435303,0.5998263955116272,0.8203657269477844,0.4223558106001353
953,0.9429080486297607,0.8581104278564453,0.82578444480896,0.9891980886459351,0.4549820337841283
958,1.023398756980896,0.7371065020561218,0.6021245718002319,0.8526604771614075,0.4138924659805303
972,0.7878155708312988,0.8096338510513306,0.490658164024353,0.9572227597236633,0.3388801907931381
975,0.784336507320404,0.8134556412696838,0.6400133371353149,0.9644336104393005,0.39889965679694195
992,0.9297568202018738,0.772577702999115,0.9251136183738708,0.9940570592880249,0.4820382202894472
994,1.1192820072174072,0.8877397775650024,0.662416934967041,0.9292611479759216,0.41617519374651296
